id,first_name,last_name,email,gender,dob,starting_date,termination_date,salary
1,Diane-marie,Linggood,dlinggood0@bluehost.com,Female,5/31/2003,3/16/2020,7/26/2008,12406118
2,Tallia,Morrid,tmorrid1@php.net,Female,3/6/2005,3/16/2021,12/25/2020,3689181
3,Gunner,Remington,gremington2@ebay.com,Genderfluid,9/11/2003,7/12/2008,2/23/2011,20037345
4,Elisha,Roughey,eroughey3@tamu.edu,Genderfluid,4/2/1985,8/28/2012,10/23/2009,21963964
5,Shell,Randles,srandles4@apache.org,Male,6/22/1985,3/6/2013,10/26/2010,7388559
6,Jaquenetta,Dwane,jdwane5@jiathis.com,Female,12/27/1985,4/5/2006,4/17/2015,17063367
7,Bondon,Tyndall,btyndall6@rakuten.co.jp,Male,12/7/1995,12/19/2009,1/27/2010,14708447
8,Daniela,Iremonger,diremonger7@amazon.co.uk,Genderfluid,9/9/1986,3/9/2016,7/7/2010,20717573
9,Drona,Mitchel,dmitchel8@google.de,Female,12/29/1993,11/14/2013,10/22/2016,23561539
10,Arte,Wrist,awrist9@flickr.com,Male,1/25/2001,6/21/2013,3/2/2008,27500199
11,Dyann,Yoselevitch,dyoselevitcha@infoseek.co.jp,Female,3/15/1991,6/2/2014,9/17/2010,7381058
12,Itch,Symcox,isymcoxb@rediff.com,Male,11/30/2000,4/25/2020,6/19/2016,14991099
13,Nikolaus,Wolfenden,nwolfendenc@gizmodo.com,Male,11/16/1995,9/16/2014,10/25/2011,9356671
14,Truda,Giampietro,tgiampietrod@va.gov,Female,2/1/1996,7/26/2018,7/17/2012,11921376
15,Elli,Grut,egrute@mozilla.org,Female,8/4/1998,6/8/2009,2/27/2010,27515384
16,Delmore,Delamaine,ddelamainef@japanpost.jp,Male,1/31/2003,4/28/2017,12/22/2008,8534308
17,Flori,Bache,fbacheg@cisco.com,Female,11/13/1984,1/16/2021,10/10/2020,21740200
18,Bowie,Divine,bdivineh@epa.gov,Male,10/29/1999,5/19/2014,10/10/2022,15471758
19,Clarette,Towersey,ctowerseyi@opensource.org,Female,5/8/2005,9/2/2012,1/14/2013,21924588
20,Hillard,Ducker,hduckerj@cisco.com,Genderfluid,3/2/2001,6/10/2023,8/29/2006,12944532
21,Maddie,Cicccitti,mcicccittik@deviantart.com,Female,8/12/1993,3/17/2012,4/10/2019,19563328
22,Dominick,Stollhofer,dstollhoferl@dedecms.com,Male,3/20/1991,1/5/2019,6/20/2016,12344028
23,Maribel,Spurett,mspurettm@fastcompany.com,Female,5/14/1991,7/16/2021,2/11/2007,6106499
24,Jenifer,Langhor,jlanghorn@digg.com,Female,4/5/2000,1/27/2019,6/27/2015,8509842
25,Conway,Hatfield,chatfieldo@paypal.com,Genderqueer,1/3/1985,9/28/2017,2/4/2024,5135866
26,Clari,Strass,cstrassp@jimdo.com,Female,11/17/2003,6/1/2014,7/19/2022,29569763
27,Jessie,Spilisy,jspilisyq@paginegialle.it,Female,3/21/1981,3/30/2018,8/22/2007,20808643
28,Prisca,Blakeborough,pblakeboroughr@ameblo.jp,Female,7/17/1987,11/18/2018,7/6/2007,20630257
29,Krystle,Kirkbright,kkirkbrights@gnu.org,Female,12/26/1984,2/27/2017,5/29/2011,27211124
30,Cirillo,Doorey,cdooreyt@twitpic.com,Male,3/5/1991,6/12/2024,4/4/2018,12342226
31,Stefa,Croux,scrouxu@webs.com,Female,12/17/1984,12/3/2014,1/1/2019,5548306
32,Mycah,Petasch,mpetaschv@ucoz.com,Male,6/9/1988,7/27/2007,5/5/2007,26822892
33,Ingmar,Jillings,ijillingsw@altervista.org,Male,10/9/1994,12/8/2018,2/7/2014,23577404
34,Cathy,Barlthrop,cbarlthropx@reddit.com,Female,8/26/1982,9/16/2008,2/15/2015,9066435
35,Ede,Lowen,eloweny@archive.org,Female,8/6/2004,4/13/2007,10/12/2011,10863105
36,Natty,O'Currane,nocurranez@storify.com,Female,10/20/1994,3/21/2017,8/1/2014,5208290
37,Erik,Dickinson,edickinson10@phpbb.com,Male,7/11/1981,5/23/2006,5/29/2013,20037151
38,Vivie,Boxall,vboxall11@wikimedia.org,Female,1/27/1988,10/9/2017,6/17/2014,28997231
39,Farlie,Garrad,fgarrad12@omniture.com,Male,1/4/1983,6/18/2008,1/2/2011,5807901
40,Engelbert,Vandenhoff,evandenhoff13@paginegialle.it,Male,11/10/2002,2/2/2017,5/6/2022,27017416
41,Klemens,Lakes,klakes14@ucla.edu,Male,9/29/2005,7/22/2017,1/24/2023,23324237
42,Essa,Bannerman,ebannerman15@narod.ru,Female,10/28/1991,2/13/2020,9/5/2015,27063005
43,Giordano,Blumer,gblumer16@xrea.com,Male,6/11/1991,2/25/2016,7/17/2020,5196139
44,Stewart,Lionel,slionel17@github.io,Male,6/20/1999,9/3/2019,1/6/2020,12472460
45,Jeanine,Garfit,jgarfit18@unicef.org,Female,12/26/1991,6/7/2010,6/3/2016,23202026
46,Rik,Fishbourn,rfishbourn19@amazon.co.uk,Male,2/29/1984,4/2/2017,3/30/2019,23388438
47,Giordano,Arnoll,garnoll1a@wordpress.org,Male,9/12/1980,5/12/2016,4/10/2011,12740025
48,Jarib,Disney,jdisney1b@deliciousdays.com,Male,8/20/1998,2/19/2023,9/10/2010,5379126
49,Ainslee,Ianelli,aianelli1c@dot.gov,Female,3/15/1997,2/20/2008,3/20/2017,4053512
50,Freddie,Brimmell,fbrimmell1d@hc360.com,Female,11/22/1982,6/17/2009,7/8/2022,26786154
51,Appolonia,Swinley,aswinley1e@wordpress.org,Female,11/4/2000,7/5/2015,1/3/2018,20093034
52,Janean,Norgan,jnorgan1f@marketwatch.com,Female,8/23/2000,7/10/2014,7/21/2024,6588552
53,Garrick,Mitchiner,gmitchiner1g@is.gd,Male,2/1/1995,11/30/2008,1/17/2009,11847107
54,Keven,Cremer,kcremer1h@zdnet.com,Male,4/29/2004,1/28/2013,3/20/2018,18975539
55,Carolan,Lias,clias1i@drupal.org,Genderfluid,7/4/1982,7/28/2021,9/2/2017,7329823
56,Willi,Probat,wprobat1j@auda.org.au,Female,4/7/2004,8/30/2016,1/3/2010,13562931
57,Kalvin,Tasch,ktasch1k@sphinn.com,Male,2/11/1991,9/14/2020,3/30/2013,17229571
58,Arte,Gasquoine,agasquoine1l@studiopress.com,Male,1/1/1999,2/15/2014,7/5/2019,19736568
59,Alice,Arrighi,aarrighi1m@google.de,Female,3/18/1986,1/17/2022,8/10/2016,15142225
60,Hyacinth,Duling,hduling1n@google.it,Female,5/6/1997,3/23/2024,5/12/2021,18836923
61,Roanne,Casolla,rcasolla1o@economist.com,Non-binary,11/17/2000,8/1/2006,3/7/2024,25627650
62,Perice,Gull,pgull1p@newyorker.com,Male,11/1/1984,9/11/2013,7/18/2015,12898748
63,Janey,Hearnes,jhearnes1q@phoca.cz,Female,5/5/1980,10/6/2010,12/11/2007,10500211
64,Cleon,Ockendon,cockendon1r@foxnews.com,Male,12/8/1991,7/30/2009,3/11/2014,7786939
65,Urbano,Alenshev,ualenshev1s@wordpress.org,Male,11/30/1996,2/7/2016,6/16/2013,12594493
66,Shina,Niaves,sniaves1t@mac.com,Female,7/1/1984,8/31/2020,10/23/2018,6317037
67,Lynn,Lowsely,llowsely1u@spiegel.de,Female,6/25/1980,11/4/2022,9/5/2014,13297674
68,Mina,Portlock,mportlock1v@nbcnews.com,Female,3/10/1982,1/30/2024,11/6/2016,17441570
69,Peter,Millins,pmillins1w@twitpic.com,Bigender,9/26/1991,4/5/2009,7/7/2022,4932099
70,Rahal,Castellani,rcastellani1x@sphinn.com,Female,7/21/1989,4/24/2019,7/5/2009,15781316
71,Hilda,Bedow,hbedow1y@cam.ac.uk,Female,3/16/2001,1/9/2018,3/9/2009,25172562
72,Meier,Ezzle,mezzle1z@europa.eu,Male,5/31/2001,1/31/2018,4/17/2015,13928111
73,Tasia,Capinetti,tcapinetti20@baidu.com,Female,2/2/1993,9/16/2016,9/1/2023,21497061
74,Tomasine,Alyukin,talyukin21@ifeng.com,Female,10/13/1996,5/25/2020,8/13/2012,6374730
75,Yul,Orthmann,yorthmann22@sphinn.com,Male,12/23/1984,1/7/2022,10/30/2006,16404332
76,Deck,Postians,dpostians23@hatena.ne.jp,Male,9/14/2002,6/14/2022,5/21/2021,4356288
77,Bridgette,Busek,bbusek24@360.cn,Female,7/25/2000,10/20/2023,11/13/2022,5712220
78,Moss,Crasswell,mcrasswell25@eventbrite.com,Genderqueer,10/6/1984,1/29/2009,1/20/2022,25907274
79,Rafaelia,Sante,rsante26@unicef.org,Female,9/26/1992,2/5/2024,6/25/2024,6536749
80,Rosanna,Mc Giffin,rmcgiffin27@guardian.co.uk,Female,10/19/2002,7/19/2016,12/12/2008,25695497
81,Nickolaus,Heningam,nheningam28@php.net,Male,3/26/1995,6/28/2009,10/29/2019,21921609
82,Laurianne,Devinn,ldevinn29@ifeng.com,Female,11/22/1993,11/23/2013,8/16/2021,26362436
83,Benjamen,Boorer,bboorer2a@vkontakte.ru,Male,3/15/2002,11/19/2017,9/3/2018,14009055
84,Wells,Poulsen,wpoulsen2b@geocities.jp,Male,3/13/1992,11/13/2022,10/15/2019,7102296
85,Tomas,Trustey,ttrustey2c@senate.gov,Male,4/7/1994,1/5/2021,7/16/2015,25511213
86,Nikolai,Hamlington,nhamlington2d@epa.gov,Agender,2/3/1997,1/9/2019,11/28/2012,26992249
87,Gavan,Evens,gevens2e@wufoo.com,Male,8/9/1987,2/27/2017,7/14/2013,17953268
88,Isak,Meneo,imeneo2f@woothemes.com,Male,1/17/1996,7/29/2021,11/25/2007,9590917
89,Sallyanne,Forward,sforward2g@rambler.ru,Genderqueer,7/28/2001,1/27/2016,4/28/2017,29040903
90,Dar,Brownill,dbrownill2h@tamu.edu,Male,12/23/1993,7/9/2006,8/18/2014,19084424
91,Kaleb,Seyers,kseyers2i@soundcloud.com,Male,4/14/1990,9/4/2019,4/15/2006,6768914
92,Ania,Okenden,aokenden2j@msn.com,Female,8/22/2000,11/7/2017,3/8/2016,19684865
93,Gussie,Scallon,gscallon2k@amazon.de,Female,1/8/1992,2/16/2013,4/30/2009,6108817
94,Putnem,Danaher,pdanaher2l@va.gov,Male,8/29/2002,10/25/2020,2/6/2012,16639883
95,Antoinette,Mc Pake,amcpake2m@weibo.com,Female,12/29/1992,2/28/2023,4/9/2014,26804355
96,Ambrosi,Rees,arees2n@dion.ne.jp,Male,4/14/1984,8/18/2006,3/5/2018,10760826
97,Averell,Aysik,aaysik2o@tmall.com,Male,1/5/1987,6/4/2008,10/13/2013,7881659
98,Ellery,Hamman,ehamman2p@cisco.com,Male,9/29/1990,1/1/2020,3/28/2014,3230913
99,Ranna,Nary,rnary2q@toplist.cz,Genderqueer,11/26/1994,2/7/2016,7/27/2010,17337227
100,Viole,Pelham,vpelham2r@phpbb.com,Female,1/13/1994,11/20/2010,6/24/2020,9986653
101,Mil,Ditch,mditch2s@sourceforge.net,Female,7/28/1991,4/12/2021,2/28/2007,24759537
102,Dusty,Ellph,dellph2t@bluehost.com,Female,6/4/2004,2/12/2010,8/2/2024,19956995
103,Lacie,Quilligan,lquilligan2u@thetimes.co.uk,Female,7/18/1992,12/9/2018,4/1/2006,16943787
104,Deeann,Bonney,dbonney2v@imageshack.us,Female,4/4/1993,12/29/2011,6/11/2017,26424216
105,Margot,Fischer,mfischer2w@google.ca,Female,9/28/2004,1/21/2019,10/13/2007,29364206
106,Lemmy,Woodburn,lwoodburn2x@wired.com,Male,2/14/2004,5/21/2007,8/20/2019,18083524
107,Cleavland,Vasnev,cvasnev2y@shutterfly.com,Male,3/15/1994,6/25/2006,1/15/2017,6312744
108,Blisse,Kennady,bkennady2z@samsung.com,Female,11/19/2003,10/6/2007,1/6/2019,13909471
109,Jewel,Manser,jmanser30@bbb.org,Agender,12/2/1991,2/21/2010,6/21/2008,24447080
110,Stavro,Nisen,snisen31@sogou.com,Male,1/28/1981,9/5/2010,7/23/2014,27189653
111,Waly,Reah,wreah32@constantcontact.com,Female,1/31/1999,4/5/2022,4/23/2023,12281752
112,Kevan,Tirone,ktirone33@freewebs.com,Male,9/23/1992,5/14/2014,8/11/2012,28563209
113,Aguie,Podd,apodd34@adobe.com,Male,12/7/1991,6/7/2012,3/1/2016,6061618
114,Bea,Kail,bkail35@mayoclinic.com,Female,5/25/1986,4/22/2021,4/20/2008,11013546
115,Rutger,Johnke,rjohnke36@ucsd.edu,Male,9/24/1985,1/22/2023,1/11/2015,22119276
116,Balduin,Negro,bnegro37@miitbeian.gov.cn,Male,10/25/2001,10/7/2020,2/7/2023,29512663
117,Halie,Grills,hgrills38@barnesandnoble.com,Female,2/13/2002,4/1/2016,3/21/2017,16883106
118,Anne,Simka,asimka39@google.cn,Female,8/10/1981,3/2/2007,12/14/2021,12974156
119,Mikey,Kennham,mkennham3a@bloglovin.com,Male,7/13/1989,4/29/2020,11/27/2017,8990097
120,Shaylyn,Blakebrough,sblakebrough3b@washingtonpost.com,Female,8/3/2004,4/26/2021,7/30/2022,8036186
121,Alvera,Cutts,acutts3c@newsvine.com,Female,4/15/1995,11/14/2017,11/10/2009,8390153
122,Franz,Cossar,fcossar3d@cisco.com,Male,4/5/1999,10/28/2020,11/1/2013,19184711
123,Erick,Goldring,egoldring3e@virginia.edu,Male,3/1/1984,1/10/2022,1/12/2010,24226714
124,Gert,Lamas,glamas3f@usda.gov,Female,1/19/2004,1/27/2009,1/21/2015,25140631
125,Sarina,Carlton,scarlton3g@wikispaces.com,Female,4/26/1990,11/21/2018,3/11/2018,21592715
126,Mathe,Lightfoot,mlightfoot3h@paginegialle.it,Male,4/13/1984,12/16/2016,6/12/2014,9082466
127,Barbie,Pepler,bpepler3i@woothemes.com,Female,2/11/1985,11/14/2010,6/27/2009,8941448
128,Ferdinand,Mahody,fmahody3j@simplemachines.org,Male,10/7/1991,7/2/2022,5/30/2014,14319357
129,Bernhard,Olkowicz,bolkowicz3k@psu.edu,Male,12/19/1995,4/23/2006,11/30/2017,25763085
130,Ulrick,Jensen,ujensen3l@nytimes.com,Male,9/17/1982,9/7/2014,11/10/2023,3907101
131,Dar,Denidge,ddenidge3m@weebly.com,Male,1/21/1997,3/21/2013,12/13/2014,13442025
132,Sayre,Jerzyk,sjerzyk3n@moonfruit.com,Male,9/20/1994,2/14/2013,6/1/2019,20115791
133,Wendy,Sworne,wsworne3o@fotki.com,Genderqueer,3/15/1993,7/28/2014,12/4/2016,29485759
134,Rickie,Greason,rgreason3p@dot.gov,Female,6/19/1988,12/18/2016,6/8/2008,18447149
135,Gasparo,Eastgate,geastgate3q@yahoo.co.jp,Male,7/11/1991,7/29/2017,7/6/2017,13795499
136,Jasmin,Romaynes,jromaynes3r@epa.gov,Female,12/29/2000,10/13/2009,7/3/2020,26547404
137,Wilmar,Pratt,wpratt3s@weibo.com,Male,7/8/1996,4/10/2024,10/6/2008,21763088
138,Nada,Coleford,ncoleford3t@whitehouse.gov,Female,2/1/1999,6/20/2017,5/4/2022,14003943
139,Ninnette,Norcop,nnorcop3u@vistaprint.com,Female,6/3/1987,9/6/2015,3/10/2008,25399531
140,Cariotta,Barr,cbarr3v@tamu.edu,Bigender,4/7/2000,4/26/2006,5/8/2024,17918728
141,Hyacinthie,Goodlad,hgoodlad3w@reverbnation.com,Genderfluid,5/15/1992,1/14/2018,10/13/2017,17001961
142,Elysha,Bertwistle,ebertwistle3x@elegantthemes.com,Female,2/26/1983,5/30/2024,5/30/2016,15999955
143,Rowe,Goreway,rgoreway3y@unblog.fr,Female,8/19/2001,4/1/2021,7/31/2022,6455044
144,Zed,O'Mullaney,zomullaney3z@seesaa.net,Male,10/18/1991,11/8/2017,8/25/2021,15399580
145,Judas,Curreen,jcurreen40@npr.org,Male,9/7/1986,4/28/2012,2/2/2009,5757125
146,Cale,Sales,csales41@yahoo.co.jp,Male,2/19/1997,2/21/2012,5/9/2009,10589796
147,Baron,Millward,bmillward42@alibaba.com,Male,12/3/1986,6/20/2007,1/23/2006,9328937
148,Murry,Konerding,mkonerding43@addthis.com,Male,5/27/2003,12/30/2019,2/16/2011,4539328
149,Mellicent,Stidson,mstidson44@blinklist.com,Female,1/9/1993,6/14/2006,6/18/2011,3106703
150,Dagmar,Verny,dverny45@apache.org,Female,11/23/1989,12/27/2014,9/7/2020,29588469
151,Reiko,Augustine,raugustine46@narod.ru,Female,5/23/1996,4/7/2015,5/15/2021,15776503
152,Katherina,Guierre,kguierre47@google.pl,Bigender,11/5/1983,1/11/2023,6/2/2022,17678297
153,Sherwynd,Gutch,sgutch48@ycombinator.com,Male,4/26/1984,10/13/2019,10/22/2013,5953504
154,Jo-ann,Byres,jbyres49@themeforest.net,Female,2/11/1990,5/21/2020,3/9/2017,14607108
155,Katey,Abercrombie,kabercrombie4a@networksolutions.com,Female,12/9/1990,5/4/2012,9/26/2017,7102661
156,Giavani,Gillingham,ggillingham4b@fastcompany.com,Male,6/6/2003,3/14/2013,2/3/2014,10414883
157,Terrell,Grog,tgrog4c@soup.io,Male,1/18/1989,4/10/2018,9/2/2014,26394403
158,Susannah,Batho,sbatho4d@unc.edu,Bigender,8/20/1994,3/23/2022,5/6/2014,26781429
159,Willette,Milburne,wmilburne4e@skype.com,Female,9/16/1992,2/7/2020,9/8/2012,5482134
160,Stafford,Solon,ssolon4f@diigo.com,Male,9/25/1987,2/1/2018,1/30/2012,6564976
161,Othella,Gomar,ogomar4g@slate.com,Female,11/14/1991,1/19/2009,12/15/2007,8709776
162,Neal,Hindmoor,nhindmoor4h@uol.com.br,Male,6/18/2001,1/22/2016,8/15/2010,4549191
163,Tansy,Lambden,tlambden4i@163.com,Female,6/18/2003,7/16/2007,12/14/2023,3225466
164,Petronia,O'Donegan,podonegan4j@comcast.net,Female,4/6/1980,8/7/2018,8/16/2017,11854869
165,Leelah,Castagne,lcastagne4k@patch.com,Female,12/11/1984,1/5/2019,9/12/2024,9578881
166,Syman,Gee,sgee4l@indiatimes.com,Male,7/25/1987,6/6/2017,10/29/2022,4924006
167,Ad,Stokoe,astokoe4m@weibo.com,Male,11/20/1989,12/26/2017,6/5/2008,9636389
168,Hobart,Lannin,hlannin4n@kickstarter.com,Male,6/26/1998,4/3/2010,9/28/2021,7914431
169,Ricard,Corah,rcorah4o@state.gov,Male,9/4/1990,9/6/2014,5/8/2023,26660485
170,Abbi,Shellibeer,ashellibeer4p@usatoday.com,Female,5/18/2003,5/20/2021,2/17/2010,7516857
171,Jerad,Woodhams,jwoodhams4q@posterous.com,Male,5/10/1987,5/27/2012,6/5/2007,8405135
172,Igor,Vynall,ivynall4r@newyorker.com,Male,4/20/1985,8/24/2007,12/12/2009,19916272
173,Hakim,Gislebert,hgislebert4s@patch.com,Male,3/24/1980,11/22/2009,6/16/2022,26769100
174,Ara,Diglin,adiglin4t@house.gov,Agender,12/2/1999,4/25/2009,6/1/2019,27706262
175,Jasmina,Langtree,jlangtree4u@answers.com,Female,1/2/2005,4/17/2006,12/28/2010,26570715
176,Barnett,Coltart,bcoltart4v@weather.com,Male,12/4/1994,12/7/2023,11/22/2012,4274054
177,Beatriz,Harly,bharly4w@tiny.cc,Female,10/17/1983,3/27/2021,4/12/2012,7816318
178,Beniamino,Shelsher,bshelsher4x@vinaora.com,Male,3/29/1993,10/25/2020,10/22/2023,15276866
179,Petey,Woolvett,pwoolvett4y@cnet.com,Male,8/19/1986,9/29/2020,8/11/2019,18934942
180,Dev,Frostdick,dfrostdick4z@ovh.net,Male,7/12/1989,12/20/2007,3/12/2022,14231772
181,Catherine,Mattke,cmattke50@netscape.com,Female,7/14/1994,12/24/2023,5/11/2013,17923617
182,Ahmed,Yurenin,ayurenin51@w3.org,Male,1/16/1994,6/23/2017,9/13/2020,17611719
183,Robert,Glaves,rglaves52@umn.edu,Male,9/16/2000,7/25/2017,4/27/2009,9722425
184,Verne,Binion,vbinion53@list-manage.com,Male,1/14/1992,12/17/2013,5/26/2016,3465217
185,Marrissa,Chritchley,mchritchley54@domainmarket.com,Female,6/4/2000,3/13/2011,1/8/2011,16882533
186,Tore,Rae,trae55@blogger.com,Male,5/3/1997,2/14/2007,5/10/2023,22611049
187,Barnabas,Rizziello,brizziello56@lulu.com,Male,5/23/1998,9/27/2007,3/14/2024,11833540
188,Gay,Bryning,gbryning57@time.com,Female,10/30/2000,2/4/2010,7/5/2011,14395698
189,Shelton,Roberto,sroberto58@purevolume.com,Male,4/11/1993,5/13/2019,3/17/2011,28187475
190,Torrin,O'Brallaghan,tobrallaghan59@nytimes.com,Male,7/1/1989,5/28/2006,7/14/2006,21817251
191,Agnesse,Starsmeare,astarsmeare5a@live.com,Female,12/27/2002,11/1/2006,12/19/2010,13346207
192,Verney,Wombwell,vwombwell5b@wikimedia.org,Male,1/31/1980,12/22/2009,2/8/2012,14889603
193,Freeman,Draxford,fdraxford5c@dailymotion.com,Male,8/2/1985,2/16/2009,3/4/2023,25476096
194,Heath,Stonebridge,hstonebridge5d@about.com,Male,8/25/1989,8/4/2014,10/28/2011,4624916
195,Jule,Profit,jprofit5e@seattletimes.com,Male,8/9/1988,6/30/2012,8/13/2013,3213766
196,Gilburt,Gotthard,ggotthard5f@nps.gov,Male,8/17/1999,7/17/2021,11/25/2007,21834694
197,Suzanna,Yushankin,syushankin5g@earthlink.net,Female,3/22/1985,6/24/2018,11/7/2012,3514188
198,Raimondo,Patkin,rpatkin5h@opensource.org,Male,4/20/1990,4/24/2022,4/10/2014,18298883
199,Clayborn,Feldberger,cfeldberger5i@cnet.com,Male,5/17/1998,11/25/2018,8/1/2013,9608905
200,Emmit,Bartak,ebartak5j@macromedia.com,Male,12/6/1997,12/31/2022,6/10/2009,28616166
201,Sunny,Slegg,sslegg5k@exblog.jp,Male,6/17/1990,5/9/2021,4/9/2007,28661558
202,Analiese,Torbeck,atorbeck5l@newsvine.com,Female,10/16/1991,12/31/2007,11/25/2021,12801213
203,Correna,Neasham,cneasham5m@homestead.com,Female,4/14/2001,1/4/2023,12/21/2009,8551957
204,Nicolle,Bendix,nbendix5n@geocities.jp,Female,8/27/1990,9/26/2011,9/22/2017,29843752
205,Elroy,Palser,epalser5o@eepurl.com,Male,11/17/1982,12/24/2023,10/20/2013,22443439
206,Matteo,Thaller,mthaller5p@taobao.com,Male,4/5/1999,6/3/2017,2/12/2013,26530909
207,Lizzie,Clewley,lclewley5q@addtoany.com,Female,11/24/1989,7/28/2016,8/4/2021,26670713
208,Karyn,Adamovitz,kadamovitz5r@sina.com.cn,Female,6/28/1998,10/25/2020,2/22/2022,12036174
209,Charmaine,Carlens,ccarlens5s@berkeley.edu,Female,12/25/2000,6/4/2008,2/17/2023,16258566
210,Rosabella,Testo,rtesto5t@washingtonpost.com,Female,7/20/2001,3/14/2015,4/9/2008,25343283
211,Coral,Nappin,cnappin5u@marketwatch.com,Female,10/22/1980,2/24/2024,2/15/2019,18933743
212,Joscelin,Nolleau,jnolleau5v@list-manage.com,Female,12/18/1995,7/18/2011,11/15/2020,22606320
213,Jedd,Antusch,jantusch5w@nbcnews.com,Male,11/28/1986,12/23/2013,6/26/2014,9627424
214,Valentine,Leeson,vleeson5x@pbs.org,Female,12/27/1987,9/17/2021,4/19/2017,9426926
215,Bar,Pontain,bpontain5y@angelfire.com,Male,5/11/1981,1/25/2019,9/15/2015,6640492
216,Colby,Thurske,cthurske5z@freewebs.com,Male,9/5/1986,3/9/2006,6/30/2021,27580873
217,Idelle,Tidgewell,itidgewell60@purevolume.com,Female,2/15/1991,2/21/2007,1/13/2008,14903726
218,Baxie,Low,blow61@google.es,Male,11/18/1994,11/13/2011,3/23/2007,29835813
219,Berri,Matthisson,bmatthisson62@businessinsider.com,Female,3/28/1990,12/14/2023,6/18/2009,14503959
220,Gordy,Laible,glaible63@sfgate.com,Male,7/26/1984,3/25/2024,7/27/2012,28182130
221,Reamonn,Catlette,rcatlette64@altervista.org,Male,6/27/1983,2/28/2015,12/6/2022,26086098
222,Udale,Oldroyde,uoldroyde65@meetup.com,Male,10/14/1983,2/24/2015,11/6/2015,13408606
223,Cristin,Cuttin,ccuttin66@dailymotion.com,Female,7/1/1991,11/17/2013,3/5/2016,3935114
224,Rosanna,Torre,rtorre67@imgur.com,Female,9/23/1999,6/30/2022,8/10/2022,19825809
225,Mitzi,Charke,mcharke68@cbc.ca,Female,12/9/1994,5/8/2012,10/9/2021,12543678
226,Amandi,Reynoollds,areynoollds69@icio.us,Female,5/14/1986,1/21/2023,3/10/2019,13316715
227,Phedra,Neligan,pneligan6a@cyberchimps.com,Female,2/22/2002,3/13/2008,3/4/2019,17114776
228,Pollyanna,Schriren,pschriren6b@mail.ru,Female,12/5/1993,6/14/2023,9/9/2015,17571890
229,Lorrie,Southby,lsouthby6c@ocn.ne.jp,Non-binary,1/24/1983,5/22/2023,2/14/2013,18022586
230,Ruthanne,Otteridge,rotteridge6d@hud.gov,Polygender,2/4/1985,6/1/2006,8/26/2007,28340427
231,Loretta,Jelly,ljelly6e@slashdot.org,Female,3/20/1988,2/28/2008,5/31/2022,27198594
232,Neysa,MacGuiness,nmacguiness6f@cbc.ca,Female,6/18/1987,6/15/2012,9/4/2023,18484558
233,Ari,Guilleton,aguilleton6g@webeden.co.uk,Male,11/15/1981,6/4/2015,1/26/2008,14924783
234,Margarette,Klemz,mklemz6h@accuweather.com,Female,9/24/1987,7/14/2008,12/14/2015,16658738
235,Jess,Pointin,jpointin6i@w3.org,Female,12/16/1996,6/23/2016,8/12/2012,10578151
236,Kain,Widdup,kwiddup6j@lycos.com,Male,5/3/1997,1/21/2010,7/19/2006,11201044
237,Luca,Vowden,lvowden6k@tiny.cc,Male,3/4/1990,1/21/2021,7/5/2013,10038517
238,Annabela,Deval,adeval6l@oracle.com,Female,7/16/1992,12/20/2019,1/27/2020,15578002
239,Rustin,Woollin,rwoollin6m@theglobeandmail.com,Male,6/9/2002,3/30/2013,7/5/2009,18851313
240,Effie,Dewitt,edewitt6n@smh.com.au,Female,7/3/2004,7/2/2011,4/15/2024,15192791
241,Max,Takle,mtakle6o@oakley.com,Female,8/2/1980,12/29/2019,12/29/2011,12649863
242,Lonnie,Marryatt,lmarryatt6p@economist.com,Male,4/12/1995,6/27/2008,10/14/2008,8295684
243,Susanna,Alaway,salaway6q@com.com,Female,3/8/1988,1/29/2020,3/9/2010,12544440
244,Lira,Kobsch,lkobsch6r@myspace.com,Female,6/22/1999,5/1/2010,8/4/2019,22037861
245,Ludovika,Gerhold,lgerhold6s@shutterfly.com,Genderfluid,3/6/2003,8/2/2010,12/13/2022,12932499
246,Aliza,Redwood,aredwood6t@reference.com,Female,3/17/2000,8/11/2021,9/14/2011,29863772
247,Daffi,Hillan,dhillan6u@woothemes.com,Female,11/21/1988,2/24/2011,5/17/2022,19582397
248,Alli,Skitral,askitral6v@bandcamp.com,Polygender,10/27/1994,10/31/2012,7/12/2012,6533321
249,Myriam,Croisier,mcroisier6w@ihg.com,Female,9/21/1986,8/17/2015,8/13/2019,23111038
250,Farlay,Larmuth,flarmuth6x@zdnet.com,Male,6/16/1990,1/1/2007,5/25/2021,19612408
251,Francesco,Rowbury,frowbury6y@buzzfeed.com,Male,9/16/1990,2/10/2010,10/25/2018,3420411
252,Tull,Burker,tburker6z@phpbb.com,Male,7/19/1980,8/22/2022,11/27/2021,15960514
253,Matteo,Brehaut,mbrehaut70@ovh.net,Male,2/17/1981,1/20/2019,4/16/2024,9735056
254,Casandra,Bourchier,cbourchier71@vk.com,Female,10/26/1989,8/14/2018,5/17/2010,18582095
255,Wallace,Nichol,wnichol72@tinypic.com,Male,2/22/1997,8/4/2006,10/27/2021,7641866
256,Sigismondo,Solano,ssolano73@photobucket.com,Male,11/22/1999,10/13/2016,10/23/2015,10864953
257,Liliane,Able,lable74@epa.gov,Female,1/4/2004,8/29/2012,10/3/2020,22000133
258,Dermot,Sizland,dsizland75@github.com,Male,5/6/1989,12/26/2012,4/5/2014,5157878
259,Foss,Dudbridge,fdudbridge76@sphinn.com,Polygender,5/23/1997,8/31/2023,8/10/2013,8430822
260,Raeann,Flagg,rflagg77@taobao.com,Female,2/4/2002,7/12/2011,9/28/2023,10805463
261,Junie,Newstead,jnewstead78@nasa.gov,Female,6/29/1995,4/7/2021,12/20/2010,16592529
262,Yard,Ragdale,yragdale79@ihg.com,Male,10/29/1990,6/11/2022,10/25/2021,28277342
263,Alverta,Carillo,acarillo7a@umn.edu,Female,6/30/1990,4/12/2017,1/22/2023,19131390
264,Dominik,Millington,dmillington7b@qq.com,Male,6/30/1988,11/22/2014,6/28/2017,23733267
265,Vernon,Fury,vfury7c@nbcnews.com,Polygender,12/25/2001,8/17/2011,10/28/2014,9825885
266,Edwina,Peller,epeller7d@xrea.com,Female,3/29/1995,8/20/2020,10/31/2011,24746394
267,Forrest,Strick,fstrick7e@alexa.com,Male,5/23/1997,9/26/2010,1/9/2010,25007585
268,Johannes,Peniman,jpeniman7f@accuweather.com,Male,12/9/2002,7/27/2022,4/24/2012,24707739
269,Clifford,Teaz,cteaz7g@utexas.edu,Male,7/9/1980,5/21/2015,12/21/2018,11031639
270,Maryl,Leades,mleades7h@adobe.com,Female,6/8/1996,2/7/2018,11/9/2011,20011601
271,Minnaminnie,Reddington,mreddington7i@feedburner.com,Agender,4/11/1998,4/26/2009,11/17/2019,28194909
272,Trixi,Wallwood,twallwood7j@google.cn,Female,5/22/2004,6/2/2012,1/13/2012,6038112
273,Ania,Fennelow,afennelow7k@pbs.org,Female,4/25/1996,10/31/2011,1/1/2021,3248080
274,Krishnah,Connar,kconnar7l@shutterfly.com,Male,10/15/2004,9/30/2018,6/12/2008,17412827
275,Dougy,Patridge,dpatridge7m@weather.com,Male,3/21/1993,3/18/2006,10/15/2006,9376002
276,Ingaberg,Hrishanok,ihrishanok7n@51.la,Female,6/30/1993,1/27/2013,4/22/2022,25451944
277,Joellyn,Shellcross,jshellcross7o@fc2.com,Female,6/4/1997,2/27/2007,4/27/2018,22088225
278,Willy,Roscow,wroscow7p@unicef.org,Male,7/4/1992,11/13/2014,9/8/2020,9464030
279,Marilin,Alpin,malpin7q@vkontakte.ru,Non-binary,12/26/2001,9/30/2011,2/29/2024,13455428
280,Maribel,Deller,mdeller7r@bloglines.com,Genderfluid,11/1/1993,9/22/2022,8/30/2008,13973116
281,Aile,Ubee,aubee7s@diigo.com,Female,4/27/1988,9/2/2009,1/11/2015,23603637
282,Carol,Darragh,cdarragh7t@imageshack.us,Female,2/18/1992,11/21/2009,7/1/2015,12281257
283,Collie,Amberson,camberson7u@miibeian.gov.cn,Female,2/3/1983,10/9/2010,8/22/2023,20751081
284,Tessi,Sayse,tsayse7v@ow.ly,Female,2/19/1986,8/28/2007,10/20/2016,8006386
285,Jacquie,Mallatratt,jmallatratt7w@vimeo.com,Female,10/19/1995,12/25/2009,1/23/2008,17326657
286,Fabian,Blatherwick,fblatherwick7x@ucla.edu,Male,12/10/1987,3/20/2010,1/4/2007,22190441
287,Bonnibelle,Ivancevic,bivancevic7y@t.co,Female,12/18/1995,8/18/2024,5/21/2011,12188085
288,Pierson,Denziloe,pdenziloe7z@accuweather.com,Male,6/15/2004,3/6/2012,1/29/2018,5741232
289,Vern,Djurdjevic,vdjurdjevic80@theglobeandmail.com,Male,10/21/1987,2/26/2016,2/10/2008,7679623
290,Billye,Willstrop,bwillstrop81@issuu.com,Genderqueer,1/12/2000,1/14/2014,3/17/2008,17468983
291,Syman,Foot,sfoot82@acquirethisname.com,Male,3/30/1981,11/25/2022,4/9/2022,3749122
292,Jerrilee,Cheley,jcheley83@so-net.ne.jp,Female,4/1/2002,3/30/2020,2/1/2020,9500350
293,Madison,Prator,mprator84@icio.us,Male,12/5/1991,11/3/2014,8/13/2017,27620167
294,Murray,Eastman,meastman85@tuttocitta.it,Male,8/22/1989,10/15/2007,8/29/2006,3276081
295,Nalani,Kealey,nkealey86@cocolog-nifty.com,Female,8/1/1988,8/29/2018,6/9/2019,29015827
296,Suzy,Prendergast,sprendergast87@kickstarter.com,Female,1/25/2004,8/17/2012,10/16/2009,6421321
297,Stan,Peak,speak88@cyberchimps.com,Male,12/4/1987,9/24/2019,8/31/2007,24805044
298,Kayla,Winnett,kwinnett89@a8.net,Female,8/1/2000,10/25/2016,11/25/2019,8555550
299,Taddeusz,Jenkyn,tjenkyn8a@macromedia.com,Male,11/30/1981,1/30/2017,10/10/2023,24645564
300,Townsend,Mitie,tmitie8b@xing.com,Genderfluid,9/27/1989,11/10/2022,10/5/2007,19542372
301,Chloris,Slinger,cslinger8c@marketwatch.com,Female,2/22/2003,6/28/2016,1/25/2022,23132835
302,Matteo,Bramble,mbramble8d@bigcartel.com,Male,9/3/1989,4/12/2011,10/3/2007,4152115
303,Gannie,Tawton,gtawton8e@ehow.com,Male,5/16/1980,6/11/2022,5/6/2013,5601004
304,Lawry,Jochanany,ljochanany8f@telegraph.co.uk,Male,8/2/1995,12/2/2006,6/5/2010,16090555
305,Vincenz,Pessel,vpessel8g@weebly.com,Male,1/17/1997,10/6/2022,12/15/2010,20849184
306,Maitilde,Pruckner,mpruckner8h@scientificamerican.com,Female,7/24/1992,12/18/2017,1/26/2012,25471386
307,Cozmo,Timbs,ctimbs8i@123-reg.co.uk,Male,9/8/2005,3/22/2019,10/22/2018,12232679
308,Pauly,Tither,ptither8j@theatlantic.com,Female,1/11/1995,4/11/2019,3/18/2008,19581381
309,Grace,Bertl,gbertl8k@reddit.com,Female,5/8/1988,4/19/2010,1/29/2015,3341907
310,Noreen,Kimmins,nkimmins8l@google.com,Female,3/12/1997,6/17/2016,8/25/2019,28631782
311,Maryellen,Doulden,mdoulden8m@europa.eu,Genderfluid,5/21/2001,4/6/2013,11/12/2022,28011868
312,Falito,Panchen,fpanchen8n@123-reg.co.uk,Male,4/10/1999,10/14/2012,12/8/2022,4237100
313,Fritz,Meneyer,fmeneyer8o@ed.gov,Male,7/28/2001,5/9/2019,5/1/2015,11921167
314,Man,Hedling,mhedling8p@t-online.de,Male,10/14/2003,12/15/2014,4/4/2021,9934698
315,Juanita,Siehard,jsiehard8q@ftc.gov,Female,11/1/2003,9/20/2012,7/2/2022,18593786
316,Minnnie,Leyfield,mleyfield8r@nationalgeographic.com,Female,6/30/2000,8/19/2024,8/16/2022,18689068
317,Ibby,Cross,icross8s@bravesites.com,Female,8/1/2003,7/14/2011,6/28/2006,29392838
318,Burnaby,Casado,bcasado8t@wired.com,Male,2/9/1999,1/25/2012,3/28/2010,10002245
319,Roderick,Essberger,ressberger8u@harvard.edu,Male,3/6/1988,9/2/2021,4/19/2010,7201101
320,Rabbi,Milnes,rmilnes8v@smh.com.au,Bigender,5/29/1982,3/2/2010,5/24/2024,4157898
321,Denyse,Wetwood,dwetwood8w@feedburner.com,Female,1/15/1985,6/11/2019,8/12/2008,5169237
322,Pinchas,Battle,pbattle8x@taobao.com,Male,2/12/2004,5/26/2006,5/12/2017,14184997
323,Reinwald,Stepney,rstepney8y@ft.com,Male,11/3/1980,9/7/2011,6/16/2009,13506389
324,Dalton,Castelijn,dcastelijn8z@exblog.jp,Male,12/31/2000,1/5/2021,10/29/2010,8867388
325,Morlee,Bill,mbill90@ucoz.com,Male,9/3/1998,3/4/2007,10/3/2011,23194515
326,Cesya,Steen,csteen91@loc.gov,Female,5/30/1992,9/29/2009,4/2/2012,9205973
327,Kristofer,Kinman,kkinman92@netvibes.com,Male,3/24/2001,4/23/2022,10/12/2024,7204211
328,Hervey,Kunze,hkunze93@moonfruit.com,Male,5/30/1986,5/22/2022,5/30/2020,9005622
329,Stern,Laffling,slaffling94@theglobeandmail.com,Male,2/14/1981,10/13/2024,5/28/2021,24973923
330,Roxanne,Ansty,ransty95@google.fr,Female,3/13/1992,4/2/2022,7/25/2011,8699964
331,Shay,Downing,sdowning96@discovery.com,Male,1/11/2005,11/13/2014,3/20/2020,19843453
332,Selena,Torbett,storbett97@youtu.be,Female,7/23/1985,4/23/2009,9/13/2022,26168817
333,Tammie,Currom,tcurrom98@microsoft.com,Agender,5/17/1980,5/9/2013,2/16/2010,4042412
334,Regen,Baistow,rbaistow99@npr.org,Male,5/20/1989,2/19/2015,12/9/2012,8233225
335,Ellen,Sterley,esterley9a@symantec.com,Female,10/6/1980,2/23/2022,12/22/2006,28558816
336,Jennette,Jonsson,jjonsson9b@google.com.hk,Female,6/19/2003,5/17/2013,12/28/2014,7260825
337,Flossie,Skuce,fskuce9c@youku.com,Female,9/21/1984,1/5/2006,9/26/2017,25702529
338,Regine,Simonard,rsimonard9d@cdbaby.com,Female,5/17/2003,11/13/2015,2/9/2011,16698641
339,Haily,Kubat,hkubat9e@stumbleupon.com,Male,8/18/1998,6/25/2023,10/24/2019,23521852
340,Theodore,MacCaffery,tmaccaffery9f@tumblr.com,Male,6/25/2002,12/17/2016,11/1/2009,24857634
341,Genni,Quirke,gquirke9g@bloglines.com,Female,8/21/1989,11/6/2020,5/27/2007,6797464
342,Debora,De Clairmont,ddeclairmont9h@washingtonpost.com,Female,4/2/1983,1/4/2011,1/29/2009,18842072
343,Beverley,O'Shea,boshea9i@indiegogo.com,Female,3/19/1997,9/25/2022,6/16/2011,22337675
344,Mark,O' Mara,momara9j@un.org,Male,9/14/1995,8/1/2006,12/9/2020,11572872
345,Joline,Ebbitt,jebbitt9k@live.com,Female,7/16/2000,6/12/2006,4/9/2022,5102911
346,Arabele,Edgeler,aedgeler9l@moonfruit.com,Female,2/2/1998,11/23/2006,2/26/2008,13649026
347,Dwayne,Riddiough,driddiough9m@etsy.com,Male,11/10/2004,2/27/2006,7/26/2006,10582017
348,Nady,Volleth,nvolleth9n@goodreads.com,Female,7/5/1983,6/24/2023,6/2/2018,23123941
349,Breena,Utridge,butridge9o@tuttocitta.it,Female,7/16/2005,5/22/2016,2/5/2019,22644559
350,Ryun,Poulter,rpoulter9p@cpanel.net,Male,7/20/1997,5/18/2010,5/6/2020,15445956
351,Chancey,Filippi,cfilippi9q@apache.org,Male,6/22/1995,8/29/2013,5/18/2020,7599178
352,Shannon,Goor,sgoor9r@amazon.com,Male,7/2/2004,8/28/2020,3/4/2011,21844121
353,Angelico,Shadwick,ashadwick9s@smugmug.com,Male,3/29/1998,4/7/2014,4/1/2022,13861701
354,Nilson,Lethebridge,nlethebridge9t@bloomberg.com,Male,6/27/1983,4/29/2012,1/7/2021,28879061
355,Jazmin,Hallitt,jhallitt9u@ustream.tv,Female,10/6/1994,6/30/2011,10/16/2009,28624800
356,Hayward,Armor,harmor9v@state.gov,Non-binary,1/1/1987,6/27/2019,1/2/2021,21031821
357,Baird,Bouda,bbouda9w@tamu.edu,Male,10/9/2002,4/20/2008,4/3/2010,12330486
358,Geralda,Funcheon,gfuncheon9x@amazon.de,Female,2/1/1988,2/2/2019,10/3/2019,28971585
359,Jermaine,MacAskill,jmacaskill9y@nationalgeographic.com,Female,2/11/1987,12/8/2023,11/27/2015,26069575
360,Arne,Mattaser,amattaser9z@ucoz.ru,Male,7/22/1998,10/3/2009,6/25/2018,19005032
361,Thayne,Hardwich,thardwicha0@4shared.com,Male,4/8/1988,8/1/2012,12/26/2016,13748574
362,Dougie,Priddle,dpriddlea1@bizjournals.com,Male,6/29/1982,4/14/2023,1/19/2007,26310104
363,Heddi,Kyrkeman,hkyrkemana2@eventbrite.com,Female,7/9/1990,10/13/2006,2/9/2013,22031692
364,Lawton,Franzonetti,lfranzonettia3@cornell.edu,Male,6/1/1984,3/25/2011,11/24/2008,18894418
365,Huntley,Wilmington,hwilmingtona4@clickbank.net,Male,3/12/1994,12/29/2020,6/15/2011,23043040
366,Bayard,Creebo,bcreeboa5@behance.net,Male,10/23/1990,10/2/2010,4/26/2009,29820704
367,Karl,Sockell,ksockella6@delicious.com,Male,5/15/1998,7/7/2018,10/25/2022,3894582
368,Georgeta,Cargen,gcargena7@ustream.tv,Female,2/26/1984,3/2/2017,9/15/2019,23712189
369,Erny,Neal,eneala8@e-recht24.de,Agender,12/29/1995,2/17/2018,2/8/2015,8140065
370,Matthias,Cadagan,mcadagana9@umn.edu,Male,9/6/2005,1/26/2014,1/11/2022,29833637
371,Wendi,Boughtflower,wboughtfloweraa@unicef.org,Female,11/30/1997,4/19/2009,8/28/2016,10188178
372,Denni,Cabel,dcabelab@nbcnews.com,Female,11/12/1985,6/19/2023,5/27/2012,6192452
373,Sharlene,Whithorn,swhithornac@surveymonkey.com,Agender,12/21/1993,6/29/2007,4/3/2024,28177205
374,Cedric,Burridge,cburridgead@vistaprint.com,Male,3/26/1985,6/27/2016,12/10/2022,21278755
375,Selena,Pelz,spelzae@hud.gov,Female,9/20/1986,8/27/2022,12/14/2014,13456161
376,Griffin,Pashler,gpashleraf@statcounter.com,Male,11/27/2005,10/8/2011,2/8/2015,5658153
377,Hercule,Balsdon,hbalsdonag@alexa.com,Male,10/14/1982,6/7/2014,12/9/2011,17484431
378,Brooks,Dmitrichenko,bdmitrichenkoah@independent.co.uk,Female,2/29/2004,9/6/2006,5/29/2022,9739864
379,Ned,Licas,nlicasai@theguardian.com,Male,5/15/2005,11/2/2006,6/22/2008,13799284
380,Anatole,Mew,amewaj@noaa.gov,Male,11/21/1981,7/20/2008,2/5/2020,12053964
381,Claybourne,Correa,ccorreaak@aol.com,Male,1/5/1989,9/10/2016,10/16/2024,26513247
382,Ansell,Greenlies,agreenliesal@whitehouse.gov,Male,6/22/2000,2/14/2018,12/19/2018,10562097
383,Mia,McIlwrath,mmcilwratham@theguardian.com,Female,6/10/1981,2/21/2017,6/14/2021,6630255
384,Erie,Prescott,eprescottan@statcounter.com,Male,7/17/1986,3/21/2018,9/23/2024,18772015
385,Jehu,Christauffour,jchristauffourao@etsy.com,Male,4/2/1998,3/22/2016,2/17/2017,7020327
386,Stormi,MacMenamin,smacmenaminap@digg.com,Female,4/29/2001,10/28/2021,1/13/2013,16933721
387,Emmy,Lumpkin,elumpkinaq@redcross.org,Male,7/11/1992,5/4/2012,10/22/2019,15065568
388,Madelaine,Yeardley,myeardleyar@dot.gov,Female,7/30/1987,6/19/2018,10/31/2022,23353347
389,Mick,Elphey,melpheyas@utexas.edu,Male,2/16/2001,8/18/2018,11/22/2014,9056249
390,Cecilia,McGairl,cmcgairlat@photobucket.com,Female,1/13/2005,7/19/2013,9/19/2006,22580796
391,Gwen,Lohrensen,glohrensenau@mtv.com,Genderqueer,10/9/1985,2/5/2022,10/14/2006,25115628
392,Alleyn,Bedham,abedhamav@nifty.com,Male,5/18/1987,5/21/2010,7/9/2013,11655648
393,Cecil,Belle,cbelleaw@purevolume.com,Female,8/6/1992,9/17/2013,8/12/2016,12768536
394,Sebastien,Sancraft,ssancraftax@list-manage.com,Male,8/20/2000,5/7/2015,11/23/2012,15774739
395,Abdul,Naile,anaileay@wikimedia.org,Male,1/25/1988,9/21/2024,2/25/2010,27150063
396,Kalvin,Dannett,kdannettaz@soundcloud.com,Male,2/10/2001,5/11/2018,8/10/2024,9712509
397,Abbey,Seivertsen,aseivertsenb0@zdnet.com,Male,7/1/2003,8/30/2006,1/2/2016,4065411
398,Curr,Justham,cjusthamb1@mediafire.com,Male,4/9/2004,7/30/2006,5/20/2012,14835562
399,Jo-ann,Jiroutka,jjiroutkab2@amazon.co.uk,Female,4/26/1991,10/3/2015,10/31/2008,3951487
400,Myrvyn,Grosier,mgrosierb3@ezinearticles.com,Male,4/28/1998,3/5/2010,5/3/2020,26105196
401,Kristofer,McCaw,kmccawb4@jalbum.net,Male,6/24/2001,1/6/2012,6/27/2008,20204763
402,Ash,Jaspar,ajasparb5@opera.com,Agender,11/13/1982,1/14/2010,7/19/2010,15452317
403,Gilda,Rogliero,groglierob6@discuz.net,Female,2/6/1990,1/12/2011,12/16/2008,24293988
404,Henry,Malt,hmaltb7@blogspot.com,Male,2/25/2001,10/28/2023,6/20/2015,4151278
405,Marley,Percifer,mperciferb8@i2i.jp,Female,12/21/1995,4/21/2006,3/24/2017,26515912
406,Lena,Oxer,loxerb9@xinhuanet.com,Female,12/10/2003,6/13/2018,2/26/2006,26840035
407,Hyacinthie,Chapelhow,hchapelhowba@4shared.com,Female,3/31/1990,6/26/2017,11/21/2011,17938331
408,Nigel,Sokell,nsokellbb@youtube.com,Male,4/5/1987,11/15/2015,6/19/2008,29790692
409,Garold,Butt Gow,gbuttgowbc@fda.gov,Male,4/21/1996,10/19/2019,5/19/2017,3136755
410,Carma,Palley,cpalleybd@google.ru,Female,9/24/1989,2/20/2017,9/19/2014,13087315
411,Drud,Luetchford,dluetchfordbe@chron.com,Male,4/19/1990,10/18/2015,2/13/2020,10389685
412,Tiphani,Diloway,tdilowaybf@addthis.com,Female,10/25/1989,3/16/2010,12/3/2015,16704224
413,Will,Insley,winsleybg@example.com,Male,8/22/1991,6/23/2011,2/4/2024,5190836
414,Svend,Ducket,sducketbh@surveymonkey.com,Male,2/10/1997,10/10/2013,12/20/2023,21755455
415,Hendrika,Swindell,hswindellbi@earthlink.net,Female,12/7/1981,3/22/2012,1/30/2017,4311575
416,Way,Archibald,warchibaldbj@mit.edu,Bigender,8/19/1996,1/4/2014,8/22/2019,4443086
417,Hoyt,Haithwaite,hhaithwaitebk@archive.org,Male,10/1/2004,12/2/2022,2/10/2024,23628987
418,Alfredo,Cotman,acotmanbl@booking.com,Male,2/12/2003,1/24/2008,10/28/2007,29259678
419,Zorine,Mordaunt,zmordauntbm@barnesandnoble.com,Female,8/24/1988,11/30/2013,4/2/2019,19454594
420,Norah,Casarino,ncasarinobn@newyorker.com,Female,7/2/1998,2/22/2018,3/7/2010,15812368
421,Bunni,Gribble,bgribblebo@apple.com,Female,11/25/1995,7/19/2024,2/27/2012,15349909
422,Ardisj,Ollerearnshaw,aollerearnshawbp@guardian.co.uk,Female,4/22/1988,6/25/2023,7/10/2021,29929464
423,Shandeigh,Cheltnam,scheltnambq@soup.io,Female,9/9/1991,4/6/2016,10/16/2015,26762955
424,Iggy,Baddiley,ibaddileybr@yale.edu,Male,5/16/1989,1/18/2014,2/15/2009,23258411
425,Marcelia,Gouldthorp,mgouldthorpbs@zdnet.com,Female,1/27/1981,5/4/2020,8/26/2012,12212212
426,Blair,Triplet,btripletbt@uiuc.edu,Male,9/18/1980,1/12/2024,12/18/2007,27338654
427,Rik,Bunnell,rbunnellbu@rakuten.co.jp,Male,7/4/2003,6/28/2013,2/5/2022,11878194
428,Ainslie,Elliston,aellistonbv@mac.com,Female,3/6/2000,10/19/2020,5/8/2022,11255995
429,Gerhard,Diamond,gdiamondbw@indiatimes.com,Male,5/24/1990,2/12/2014,3/7/2020,5568778
430,Clark,Demann,cdemannbx@diigo.com,Male,5/16/2000,7/12/2014,1/8/2017,17848431
431,Gerhardine,Velez,gvelezby@domainmarket.com,Female,12/9/1990,7/15/2021,8/25/2009,3631732
432,Robert,D'Enrico,rdenricobz@de.vu,Male,11/14/2003,2/1/2007,6/28/2021,22157710
433,Cassandra,Atcock,catcockc0@bizjournals.com,Female,12/28/2003,3/9/2009,4/17/2010,28421800
434,Aubrey,Hails,ahailsc1@booking.com,Male,1/1/2005,12/27/2012,9/12/2013,6511061
435,Bevan,Robillard,brobillardc2@tripadvisor.com,Male,1/12/1998,3/10/2023,11/14/2013,26191894
436,Ferdy,Brocks,fbrocksc3@freewebs.com,Male,3/18/1995,2/18/2023,11/16/2012,15538187
437,Mandi,Staples,mstaplesc4@ucoz.com,Female,3/29/1983,2/17/2013,1/8/2018,17183213
438,Jarad,Cunah,jcunahc5@jugem.jp,Male,10/8/1991,2/14/2008,4/5/2010,9970762
439,Marcelia,Covendon,mcovendonc6@house.gov,Female,5/18/1998,3/23/2010,9/23/2012,8165074
440,Jerad,Cucinotta,jcucinottac7@mayoclinic.com,Agender,8/30/1990,5/16/2011,6/29/2009,4100537
441,Lanie,Acres,lacresc8@usgs.gov,Female,12/5/1996,12/1/2006,5/4/2006,24751033
442,Lucienne,Weed,lweedc9@theatlantic.com,Female,8/23/1985,11/13/2007,7/13/2009,6145458
443,Milicent,Scutchin,mscutchinca@gmpg.org,Female,9/10/1996,3/16/2018,9/3/2016,12758833
444,Darline,Warn,dwarncb@list-manage.com,Female,3/24/2004,4/16/2009,5/24/2023,11951470
445,Concordia,Scotson,cscotsoncc@mapy.cz,Agender,3/26/1998,2/23/2020,3/20/2019,7551680
446,Hildegarde,Duckerin,hduckerincd@house.gov,Female,2/7/1985,12/27/2010,5/17/2023,13391880
447,Vern,Verson,vversonce@drupal.org,Male,2/6/2000,5/30/2007,2/13/2011,28068300
448,Yehudi,Boatwright,yboatwrightcf@weather.com,Male,12/14/1996,12/19/2020,1/31/2022,6270699
449,Von,Kennan,vkennancg@themeforest.net,Male,9/21/1981,4/25/2021,3/30/2016,12503192
450,Carolyne,Stennes,cstennesch@seesaa.net,Female,6/23/1986,7/23/2007,1/15/2016,15096983
451,Ferguson,Siddell,fsiddellci@google.fr,Male,2/23/2003,7/1/2022,5/17/2020,27818033
452,Renaud,Leynton,rleyntoncj@redcross.org,Male,1/1/1986,11/26/2012,4/15/2012,10522118
453,Armin,Scotchmoor,ascotchmoorck@ed.gov,Male,6/4/1989,1/23/2016,12/12/2022,20338724
454,Ceil,Sidlow,csidlowcl@fastcompany.com,Female,7/29/2005,7/31/2007,10/20/2020,24766668
455,Kalie,Ridge,kridgecm@constantcontact.com,Female,8/3/2004,7/30/2020,11/8/2016,24705880
456,Kira,Woehler,kwoehlercn@gmpg.org,Female,10/31/2005,3/4/2006,7/6/2009,26351287
457,Andreana,Ovington,aovingtonco@t-online.de,Female,11/19/1992,9/12/2016,9/14/2008,22690824
458,Mozes,Bhatia,mbhatiacp@mediafire.com,Male,5/31/1993,2/26/2015,10/27/2016,12675302
459,Emmy,Tembey,etembeycq@google.com.br,Female,1/3/1983,2/13/2007,8/17/2012,15411275
460,Addi,Tooth,atoothcr@upenn.edu,Agender,5/23/1991,8/9/2009,4/23/2021,16885560
461,Catriona,Dowse,cdowsecs@icio.us,Female,1/3/1999,6/16/2006,11/13/2008,20399082
462,Cecilia,Snook,csnookct@over-blog.com,Female,5/15/1990,4/3/2006,3/17/2022,25138686
463,Lammond,Ruthen,lruthencu@techcrunch.com,Male,1/7/2001,1/19/2019,1/11/2020,28953673
464,Elayne,Tarbet,etarbetcv@bbb.org,Female,11/13/1986,2/6/2019,2/2/2008,12615919
465,Davis,Lyven,dlyvencw@sciencedirect.com,Male,2/7/1995,12/18/2020,3/22/2017,27070516
466,Rees,Hearnaman,rhearnamancx@sciencedaily.com,Male,4/28/1987,9/2/2024,4/13/2006,4993794
467,Mandie,Bartholat,mbartholatcy@elegantthemes.com,Female,9/10/2003,12/23/2008,10/13/2018,28114110
468,Berkie,de Zamora,bdezamoracz@utexas.edu,Male,5/19/1995,10/24/2012,6/9/2021,8542089
469,Teddy,Dedham,tdedhamd0@geocities.jp,Female,11/18/1983,6/27/2023,5/29/2020,15737235
470,Gauthier,Kersaw,gkersawd1@ihg.com,Male,10/29/2000,3/25/2012,2/25/2024,10450126
471,Hewie,Colbran,hcolbrand2@dedecms.com,Male,8/30/1980,10/11/2020,5/7/2013,18372180
472,Gwenette,Redemile,gredemiled3@yahoo.co.jp,Agender,10/25/1984,6/8/2018,10/8/2013,9587698
473,Oates,Dommerque,odommerqued4@cornell.edu,Male,4/16/2002,1/31/2013,11/25/2008,26183977
474,Roma,Mahedy,rmahedyd5@yandex.ru,Male,8/19/1994,5/10/2006,5/13/2006,12101611
475,Katya,Quarrell,kquarrelld6@privacy.gov.au,Female,8/16/1996,5/3/2010,2/13/2016,18175344
476,Brockie,Feldbau,bfeldbaud7@opera.com,Male,6/19/1991,10/2/2015,9/12/2013,15200924
477,Chuck,Dodson,cdodsond8@bbb.org,Genderfluid,9/13/1998,6/12/2017,10/9/2006,23289751
478,Wendell,Imason,wimasond9@histats.com,Male,7/21/1996,3/27/2016,1/7/2023,5284594
479,Linc,Margrett,lmargrettda@cmu.edu,Male,2/11/1990,9/3/2012,5/17/2020,26104460
480,Tobe,Farry,tfarrydb@desdev.cn,Male,4/26/2002,10/7/2009,1/7/2018,15512522
481,Cherida,Jope,cjopedc@hostgator.com,Female,6/4/1982,1/23/2007,8/14/2017,4666481
482,Farr,Carrodus,fcarrodusdd@php.net,Male,6/2/2004,1/13/2023,3/16/2011,14089775
483,Irvin,Futty,ifuttyde@bloomberg.com,Male,3/25/2005,8/22/2020,6/5/2014,16530477
484,Rudy,Fullstone,rfullstonedf@imdb.com,Male,2/8/1984,9/3/2019,8/22/2012,23622486
485,Caleb,Linford,clinforddg@sphinn.com,Male,1/14/1987,2/25/2019,5/15/2024,15197779
486,Trula,Bemand,tbemanddh@reverbnation.com,Female,6/26/1981,10/22/2020,3/20/2007,19984586
487,Clarine,Tantrum,ctantrumdi@msu.edu,Female,9/1/1984,11/8/2010,3/13/2013,13003578
488,Calley,Bridgwater,cbridgwaterdj@pagesperso-orange.fr,Female,7/21/1993,6/29/2021,2/29/2020,19583530
489,Hedda,Tythe,htythedk@elegantthemes.com,Female,8/6/1989,6/9/2024,7/26/2014,29393821
490,Frederick,Elverston,felverstondl@360.cn,Male,2/28/2000,3/29/2017,5/22/2013,28066704
491,Tad,Comford,tcomforddm@feedburner.com,Male,11/3/1995,5/29/2007,10/20/2008,25987574
492,Riley,Gallear,rgalleardn@theglobeandmail.com,Male,6/11/2004,3/19/2018,11/3/2018,19637963
493,Thatcher,Brinsford,tbrinsforddo@hexun.com,Male,11/6/1986,7/30/2014,8/1/2009,9588463
494,Felicity,Bridgeland,fbridgelanddp@hostgator.com,Female,9/10/1984,12/28/2013,4/8/2012,12909382
495,Feliza,Norwood,fnorwooddq@pen.io,Female,8/28/1982,1/29/2016,6/5/2024,3422091
496,Derron,Shew,dshewdr@goo.gl,Male,6/18/2005,6/19/2014,3/17/2014,21957399
497,Ashley,Rowen,arowends@howstuffworks.com,Female,2/9/1991,8/13/2015,6/26/2009,21563352
498,Nilson,McCosker,nmccoskerdt@reuters.com,Male,10/4/1983,6/5/2016,11/15/2022,24037268
499,Ingemar,Dwelley,idwelleydu@geocities.jp,Male,4/24/1999,5/29/2010,3/21/2007,29511350
500,Glyn,Schall,gschalldv@nifty.com,Female,1/27/1995,10/17/2012,9/5/2019,6343423
501,Cammy,Ping,cpingdw@acquirethisname.com,Male,3/8/2004,9/18/2011,2/29/2020,18995352
502,Abelard,Bolzmann,abolzmanndx@japanpost.jp,Male,11/26/1983,7/16/2013,3/18/2010,12896146
503,Katrina,Sikorsky,ksikorskydy@free.fr,Female,1/31/2003,1/10/2014,12/24/2014,6760370
504,Morlee,Agott,magottdz@networkadvertising.org,Genderqueer,8/9/1986,7/25/2018,11/4/2012,8178769
505,Cassey,Whitlam,cwhitlame0@goodreads.com,Female,5/1/1996,5/13/2020,4/25/2009,24129027
506,Elvis,D'orsay,edorsaye1@clickbank.net,Male,8/25/1996,3/22/2011,3/4/2017,24149465
507,Roseann,Ollet,rollete2@amazon.com,Female,10/16/1994,10/27/2009,10/3/2014,20323540
508,Ruddy,Boffey,rboffeye3@bloomberg.com,Male,10/9/2003,2/26/2007,1/14/2024,20581199
509,Karney,Chesterfield,kchesterfielde4@edublogs.org,Male,1/10/2005,6/3/2015,7/2/2015,15052489
510,Davey,Lowsely,dlowselye5@google.com.hk,Male,5/15/1982,12/26/2015,12/8/2016,16836099
511,Shirl,Asher,sashere6@discovery.com,Polygender,12/26/1998,11/3/2022,12/27/2014,25736620
512,Prissie,Frankham,pfrankhame7@mtv.com,Female,8/20/1990,3/16/2012,4/30/2010,12485790
513,Catarina,Cregin,ccregine8@amazon.co.uk,Female,6/24/1980,10/10/2021,9/15/2008,26838586
514,Juliane,McPartlin,jmcpartline9@yandex.ru,Female,4/22/1999,7/15/2011,5/6/2018,15263479
515,Fredek,Carletti,fcarlettiea@people.com.cn,Male,8/2/1992,9/14/2013,7/24/2016,15463434
516,Bale,Jerger,bjergereb@state.gov,Male,4/28/2004,7/1/2021,8/16/2008,24287609
517,Dannie,Frankland,dfranklandec@ucla.edu,Male,5/17/1996,9/5/2011,10/12/2016,24745129
518,Kaye,Duxfield,kduxfielded@123-reg.co.uk,Polygender,11/1/1989,11/17/2016,11/12/2017,11500507
519,Vlad,Tofpik,vtofpikee@joomla.org,Agender,10/16/1999,1/12/2009,6/12/2007,3876284
520,Bernard,Dunrige,bdunrigeef@bizjournals.com,Male,11/27/1980,5/3/2022,11/18/2017,22442817
521,Pet,Sifleet,psifleeteg@ameblo.jp,Female,6/29/1999,11/23/2019,5/10/2016,14104545
522,Vail,Dack,vdackeh@naver.com,Male,3/20/1998,5/20/2021,8/25/2007,25723133
523,Augusto,O'Mohun,aomohunei@4shared.com,Male,9/28/1997,3/15/2010,1/1/2018,9188166
524,Hinda,Basant,hbasantej@xrea.com,Female,12/4/2003,2/25/2009,1/12/2022,4215100
525,Carmelia,Jerratsch,cjerratschek@goodreads.com,Non-binary,3/18/1987,11/23/2011,9/11/2016,16616839
526,Wakefield,McTiernan,wmctiernanel@cam.ac.uk,Male,2/9/2000,3/2/2014,8/23/2022,13135219
527,Penrod,Hardy,phardyem@nifty.com,Male,6/16/1993,6/7/2007,12/13/2007,14821690
528,Felice,Middle,fmiddleen@tinypic.com,Agender,5/31/2001,5/9/2014,9/20/2006,4002001
529,Elysha,Skamal,eskamaleo@bloglovin.com,Polygender,3/22/1990,10/14/2010,7/29/2018,17735759
530,Dottie,Gaffer,dgafferep@msn.com,Female,4/14/2001,4/2/2019,7/12/2019,25867540
531,Skipton,Waggitt,swaggitteq@imageshack.us,Male,11/30/1989,10/8/2012,5/17/2011,5962326
532,Carlyle,Parram,cparramer@storify.com,Male,8/5/1988,7/16/2023,9/5/2007,5784253
533,Sharlene,Bernucci,sbernuccies@unicef.org,Non-binary,3/15/1999,10/17/2018,7/15/2020,15065013
534,Cece,Durnin,cdurninet@reuters.com,Genderfluid,5/30/1999,12/11/2012,12/15/2009,18635074
535,Felizio,Mackerness,fmackernesseu@senate.gov,Male,5/25/1980,11/27/2021,6/24/2011,19836018
536,Freddy,McEnteggart,fmcenteggartev@eepurl.com,Female,7/6/1994,5/29/2016,4/20/2015,7198205
537,Carlos,Romushkin,cromushkinew@mac.com,Male,4/15/1981,6/23/2006,1/11/2016,5597538
538,Tripp,Kilmurry,tkilmurryex@berkeley.edu,Male,1/15/1989,9/4/2015,7/13/2012,9156103
539,Melvin,Hawken,mhawkeney@360.cn,Male,10/28/1992,1/17/2014,9/8/2018,25902523
540,Lilith,Gillett,lgillettez@google.fr,Female,12/15/2004,1/20/2015,10/3/2011,13594285
541,Ethelin,Savaage,esavaagef0@wiley.com,Polygender,12/20/1995,2/6/2011,11/17/2007,16364651
542,Renault,Duchan,rduchanf1@joomla.org,Non-binary,9/1/1980,12/8/2018,2/3/2023,10107431
543,Lyman,Carnock,lcarnockf2@biglobe.ne.jp,Male,6/30/2005,5/16/2020,10/15/2023,10343096
544,Shaine,McGonnell,smcgonnellf3@xinhuanet.com,Female,7/24/1995,2/13/2015,7/23/2021,11448662
545,Faith,Lindenfeld,flindenfeldf4@reference.com,Female,12/16/2004,7/7/2019,2/25/2018,24313186
546,Lowe,Simonnot,lsimonnotf5@dailymotion.com,Male,8/10/2001,1/31/2016,3/14/2011,19459926
547,Torey,Grealy,tgrealyf6@techcrunch.com,Male,9/25/1980,9/27/2014,1/2/2022,14941386
548,Hatti,Greatbach,hgreatbachf7@bloglines.com,Female,3/31/1998,10/12/2012,9/10/2017,15163153
549,Lilyan,Flott,lflottf8@theguardian.com,Female,8/11/1991,6/4/2015,11/15/2012,18496208
550,Frankie,Eddisford,feddisfordf9@cpanel.net,Female,4/23/2003,9/20/2022,7/8/2009,17206784
551,Daren,O'Hederscoll,dohederscollfa@studiopress.com,Male,6/29/1994,12/27/2009,11/6/2010,20235441
552,Burtie,Pering,bperingfb@friendfeed.com,Male,12/17/1992,5/6/2018,4/13/2021,28880925
553,Yolande,Zanetello,yzanetellofc@about.com,Bigender,11/21/2001,9/29/2008,12/3/2020,29761681
554,Ki,Lezemore,klezemorefd@cnn.com,Female,3/20/2001,12/7/2017,7/26/2009,27791788
555,Simone,Olufsen,solufsenfe@cisco.com,Male,4/11/1986,3/28/2020,4/3/2015,8120814
556,Eliot,Keenlayside,ekeenlaysideff@artisteer.com,Male,3/10/1995,12/30/2009,10/29/2020,12063431
557,Joana,Levett,jlevettfg@clickbank.net,Female,11/23/2000,7/10/2021,11/29/2022,15825258
558,Valli,Hastwell,vhastwellfh@tamu.edu,Female,11/22/1985,3/11/2017,9/17/2006,5416472
559,Ring,Birts,rbirtsfi@cnet.com,Male,7/30/1992,10/1/2023,10/3/2006,4134437
560,Chelsie,Rubke,crubkefj@gnu.org,Female,10/21/1985,4/11/2007,1/13/2010,8727232
561,Conny,Durnford,cdurnfordfk@loc.gov,Male,11/19/1997,8/4/2023,1/12/2012,26581480
562,Sapphira,Taaffe,staaffefl@surveymonkey.com,Female,1/31/2001,2/10/2020,8/10/2018,10181581
563,Alicia,Titterington,atitteringtonfm@forbes.com,Female,2/11/1995,3/4/2010,11/25/2022,21756188
564,Patin,Plumer,pplumerfn@stumbleupon.com,Male,9/26/1991,6/7/2016,12/27/2021,22788400
565,Kathy,Aps,kapsfo@harvard.edu,Female,11/30/2003,11/14/2017,7/25/2016,16590766
566,Fons,Danovich,fdanovichfp@odnoklassniki.ru,Genderqueer,3/10/1990,7/21/2018,7/14/2014,20286674
567,Chrotoem,Cullin,ccullinfq@blog.com,Male,5/30/1995,9/8/2015,5/29/2006,14086295
568,Lonny,Lichtfoth,llichtfothfr@mysql.com,Male,9/14/1982,3/7/2013,4/17/2014,28976664
569,Charyl,Karpol,ckarpolfs@alibaba.com,Female,3/27/1987,10/19/2018,2/19/2009,22791443
570,Freida,Eggerton,feggertonft@barnesandnoble.com,Female,11/27/1999,12/26/2013,5/13/2012,27727832
571,Rurik,Ast,rastfu@japanpost.jp,Agender,1/24/1980,5/29/2021,11/19/2008,21117661
572,Saidee,Seagood,sseagoodfv@ebay.co.uk,Female,10/11/2005,9/8/2016,5/31/2013,22364416
573,Nappie,Vlach,nvlachfw@blog.com,Male,4/28/1986,6/5/2013,4/18/2015,25505646
574,Luz,Ainsworth,lainsworthfx@home.pl,Female,12/4/1996,7/16/2007,8/17/2006,25062267
575,Benedicto,Tolomei,btolomeify@google.com.hk,Male,5/13/1980,8/17/2020,10/13/2024,29045930
576,Nomi,Gandley,ngandleyfz@shinystat.com,Female,12/23/1984,2/17/2007,5/26/2009,23146543
577,Ogden,Pavkovic,opavkovicg0@stanford.edu,Male,5/29/1995,9/12/2011,8/10/2006,26886593
578,Lesli,Bestar,lbestarg1@naver.com,Female,4/24/1993,7/14/2010,1/12/2015,7542809
579,Lyndsay,Beckwith,lbeckwithg2@aboutads.info,Genderfluid,2/12/2000,5/18/2021,11/6/2010,24401068
580,Hilary,Deetch,hdeetchg3@cisco.com,Male,8/7/1988,2/17/2018,3/7/2017,8203931
581,Dione,Fergyson,dfergysong4@1und1.de,Female,9/9/1981,8/26/2020,11/17/2018,19105766
582,Lisle,Oaker,loakerg5@360.cn,Male,3/6/1990,2/12/2013,11/26/2011,11114307
583,Fonz,Menhenitt,fmenhenittg6@latimes.com,Male,11/18/1997,1/9/2015,2/7/2011,5772064
584,Sophey,Mitchel,smitchelg7@flickr.com,Female,2/13/2002,1/17/2017,1/18/2014,22692138
585,Gris,Soltan,gsoltang8@sogou.com,Male,8/4/1988,8/21/2017,12/8/2006,16804127
586,Bonny,Ranson,bransong9@ucsd.edu,Female,6/28/1982,9/13/2008,4/30/2009,8466802
587,Moore,Rapo,mrapoga@deviantart.com,Male,6/27/1995,2/10/2024,11/2/2017,4794378
588,Cristie,Quinsee,cquinseegb@purevolume.com,Female,4/19/1989,3/11/2021,9/30/2021,5656431
589,Jerad,O'Hannen,johannengc@flickr.com,Bigender,6/23/2001,9/7/2012,4/11/2012,18309054
590,Maureene,Spraging,mspraginggd@un.org,Female,1/6/1986,12/22/2008,7/13/2007,11291378
591,Lucio,Drinkall,ldrinkallge@netlog.com,Male,8/4/2003,11/25/2017,2/18/2023,12118835
592,Innis,Woolveridge,iwoolveridgegf@amazon.com,Male,1/24/1994,3/21/2014,2/24/2017,15928760
593,Teddy,Pirdue,tpirduegg@nymag.com,Bigender,5/21/1982,8/30/2010,6/4/2024,3469200
594,Georg,Cork,gcorkgh@woothemes.com,Male,2/7/1996,11/15/2009,11/14/2006,13815128
595,Domeniga,Wickie,dwickiegi@ibm.com,Female,5/17/1989,4/28/2014,2/8/2020,13592634
596,Karrah,Neles,knelesgj@360.cn,Female,7/5/2005,10/28/2018,3/27/2014,9167667
597,Winfred,Rosenfelt,wrosenfeltgk@nasa.gov,Male,5/22/2003,5/7/2021,5/21/2019,14618880
598,Heida,Scarce,hscarcegl@timesonline.co.uk,Female,2/27/2005,4/4/2012,4/2/2008,23094316
599,Murielle,Lorrimer,mlorrimergm@berkeley.edu,Female,7/1/2004,8/25/2007,11/18/2022,14359525
600,Emilie,Gerrish,egerrishgn@i2i.jp,Female,1/6/1989,9/26/2022,10/2/2017,12718576
601,Archibold,Linggood,alinggoodgo@ucoz.ru,Male,6/9/1993,1/2/2022,8/5/2015,29281004
602,Jacky,Kenningham,jkenninghamgp@hc360.com,Agender,8/23/1999,7/17/2022,9/27/2016,9237118
603,Benson,Bolens,bbolensgq@sfgate.com,Male,8/6/1980,1/29/2015,3/7/2023,11291161
604,Celine,McCall,cmccallgr@icio.us,Female,3/17/1984,2/4/2011,10/13/2016,21890954
605,Alphard,Josh,ajoshgs@com.com,Male,2/6/2003,4/24/2021,4/17/2020,5887927
606,Orville,Hooban,ohoobangt@elpais.com,Male,5/21/1992,3/25/2023,5/28/2011,5414864
607,Caressa,Bachshell,cbachshellgu@smh.com.au,Female,9/22/1989,4/10/2023,10/16/2013,24128019
608,Kaspar,Berni,kbernigv@bloglovin.com,Male,9/26/1987,3/28/2017,11/19/2014,14365018
609,Dania,d'Arcy,ddarcygw@moonfruit.com,Female,9/25/2002,5/27/2013,12/3/2009,11602487
610,Bevan,Dresse,bdressegx@wikipedia.org,Male,11/9/1985,9/27/2006,3/8/2024,8137483
611,Jacky,Davidsohn,jdavidsohngy@reuters.com,Male,6/14/2003,7/10/2008,6/18/2008,21887364
612,Beilul,Barford,bbarfordgz@mapquest.com,Female,7/7/1994,3/30/2021,8/17/2014,21614863
613,Roarke,Ryan,rryanh0@seattletimes.com,Polygender,8/5/1989,10/27/2023,4/25/2006,5170132
614,Maiga,Szwandt,mszwandth1@creativecommons.org,Polygender,11/17/1995,2/8/2024,9/9/2022,27773580
615,Gavra,Thieme,gthiemeh2@hud.gov,Female,4/12/1985,4/27/2020,12/11/2021,6382509
616,Julina,Pappi,jpappih3@goodreads.com,Genderqueer,7/30/1984,8/22/2010,1/5/2012,8036607
617,Martin,Cuseick,mcuseickh4@phoca.cz,Male,2/4/1995,6/26/2015,6/16/2021,22944860
618,Domini,Stag,dstagh5@bloomberg.com,Female,4/26/1990,8/9/2013,10/11/2010,26666053
619,Marge,Madner,mmadnerh6@trellian.com,Genderqueer,1/7/1997,7/2/2020,3/10/2016,25687211
620,Lira,Korn,lkornh7@ustream.tv,Female,1/8/1981,10/27/2019,8/17/2016,25921894
621,Tana,Rushmare,trushmareh8@booking.com,Female,1/14/2003,1/17/2017,6/27/2014,26461981
622,Marcus,Negus,mnegush9@clickbank.net,Male,6/10/1988,1/21/2020,7/10/2007,15203536
623,Rolando,Kynd,rkyndha@tripod.com,Male,11/18/1999,8/22/2016,3/25/2016,22770239
624,Monika,Newiss,mnewisshb@1und1.de,Female,8/29/2004,5/9/2010,3/13/2011,15161098
625,Thelma,Test,ttesthc@360.cn,Genderqueer,2/9/1982,1/6/2017,1/19/2022,8737065
626,Sadye,Adenot,sadenothd@fema.gov,Female,9/19/2000,11/16/2013,3/22/2011,15627265
627,Corene,Royston,croystonhe@paypal.com,Female,1/13/1998,11/27/2016,11/1/2007,29865956
628,Livvie,Boundey,lboundeyhf@salon.com,Polygender,8/27/1994,9/22/2023,4/19/2019,10760690
629,Taylor,Robardet,trobardethg@rediff.com,Male,11/8/1999,9/30/2013,9/14/2013,24013031
630,Camey,MacColm,cmaccolmhh@t-online.de,Male,2/20/1983,4/27/2015,9/16/2009,13500287
631,Cristiano,Tinham,ctinhamhi@opensource.org,Male,3/16/2004,3/23/2009,9/21/2017,28325591
632,Jenine,Riccardo,jriccardohj@dedecms.com,Female,6/22/1981,11/20/2019,10/17/2022,14214987
633,Jenny,Snawdon,jsnawdonhk@wordpress.org,Female,10/1/2000,10/6/2022,11/27/2016,26273742
634,Justina,Toon,jtoonhl@newsvine.com,Agender,1/31/1992,3/17/2022,1/29/2014,22363693
635,Tandi,Samudio,tsamudiohm@tiny.cc,Bigender,5/20/1996,5/27/2021,12/11/2011,10471564
636,Merrily,Hincham,mhinchamhn@photobucket.com,Female,5/17/2005,12/24/2013,6/4/2022,29608126
637,Damiano,Eldred,deldredho@discuz.net,Male,1/12/1996,4/5/2015,2/11/2009,3268320
638,Binny,Heintze,bheintzehp@opera.com,Female,3/9/1998,5/2/2016,1/27/2018,13587854
639,Frances,McMichan,fmcmichanhq@scribd.com,Female,12/20/1982,7/18/2024,10/25/2006,27826304
640,Ophelie,Doxsey,odoxseyhr@theatlantic.com,Female,1/1/2001,4/2/2016,10/11/2007,29616468
641,Hayes,Faulconer,hfaulconerhs@acquirethisname.com,Male,6/23/1995,4/1/2007,6/19/2018,19900536
642,Nelly,Southan,nsouthanht@auda.org.au,Female,9/28/1986,2/8/2019,6/28/2019,10163538
643,Towney,Lythgoe,tlythgoehu@bbb.org,Male,7/2/2004,3/2/2014,3/24/2018,11576179
644,Chloe,Needham,cneedhamhv@mail.ru,Female,8/4/2002,1/27/2013,2/16/2015,7677831
645,Gerry,Boswell,gboswellhw@prnewswire.com,Male,12/12/1983,8/8/2017,5/20/2020,10552316
646,Moshe,Gainsborough,mgainsboroughhx@barnesandnoble.com,Male,8/12/1989,6/26/2013,1/11/2021,23554059
647,Coreen,Morville,cmorvillehy@globo.com,Female,3/2/1990,1/23/2022,9/9/2017,3407324
648,Gualterio,Fruish,gfruishhz@deviantart.com,Male,9/14/1980,8/27/2023,11/8/2012,3807745
649,Jaye,Vlahos,jvlahosi0@umich.edu,Male,5/9/2004,8/14/2024,8/27/2017,12877815
650,Karen,Pelz,kpelzi1@squarespace.com,Female,5/11/2002,1/3/2006,10/1/2016,3240113
651,Anstice,Bosley,abosleyi2@ocn.ne.jp,Female,11/27/1994,4/12/2007,9/11/2024,20352140
652,Tedman,Gohier,tgohieri3@accuweather.com,Male,8/18/1989,11/26/2007,10/28/2009,26852408
653,Samantha,Peirson,speirsoni4@theglobeandmail.com,Female,12/9/1996,7/4/2009,7/27/2019,4616389
654,Reggie,Haggus,rhaggusi5@behance.net,Male,9/5/1995,1/19/2015,7/20/2017,29826703
655,Bogey,Caswall,bcaswalli6@diigo.com,Male,2/15/1980,7/15/2008,5/25/2020,21108931
656,Mitch,Kenton,mkentoni7@edublogs.org,Male,1/16/2004,3/4/2017,7/15/2006,25830946
657,Euphemia,Beardsley,ebeardsleyi8@gnu.org,Female,4/19/2003,9/24/2008,10/13/2006,20191817
658,Gabbi,Pratton,gprattoni9@woothemes.com,Female,5/20/1985,4/22/2007,6/30/2008,9695257
659,Fawnia,Kivelhan,fkivelhania@earthlink.net,Female,2/2/1997,9/10/2011,12/19/2015,22438800
660,Beret,Sharnock,bsharnockib@networksolutions.com,Female,2/3/1984,2/15/2021,6/1/2018,8232260
661,Jessie,MacKartan,jmackartanic@youku.com,Male,5/9/1985,5/27/2015,6/2/2017,20083879
662,Wilburt,Feyer,wfeyerid@live.com,Agender,1/28/1985,2/15/2008,1/27/2018,21941691
663,Langston,Boddymead,lboddymeadie@spotify.com,Male,4/24/1993,8/26/2020,3/15/2007,28241438
664,Nicky,Couth,ncouthif@behance.net,Female,7/14/1984,4/28/2012,4/20/2012,5807236
665,Delmore,Perutto,dperuttoig@engadget.com,Male,8/9/1998,4/29/2006,6/8/2007,28369272
666,Murielle,Dyment,mdymentih@ovh.net,Female,2/26/1986,6/19/2014,6/11/2017,22565018
667,Mercie,Normavell,mnormavellii@ocn.ne.jp,Female,5/21/1985,9/6/2019,2/15/2011,26174019
668,Ruperto,Trustie,rtrustieij@who.int,Male,9/20/1993,1/31/2007,11/21/2014,18644988
669,Charmion,Mendenhall,cmendenhallik@ow.ly,Female,7/28/1981,7/23/2009,5/9/2017,9570574
670,Roslyn,Harmour,rharmouril@squidoo.com,Female,6/14/1981,6/26/2020,1/16/2006,7934904
671,Christos,Annable,cannableim@discovery.com,Male,3/14/1996,7/31/2016,7/14/2016,23912839
672,Marga,Bangham,mbanghamin@123-reg.co.uk,Female,11/10/2004,12/20/2016,10/12/2006,26162459
673,Gifford,Portress,gportressio@wufoo.com,Male,2/24/1997,4/20/2009,8/20/2008,28418729
674,Shaun,Woodfield,swoodfieldip@pen.io,Female,3/16/1987,3/8/2007,2/24/2007,9939466
675,Ysabel,Cawte,ycawteiq@goodreads.com,Female,10/19/1984,2/18/2013,1/4/2016,15682234
676,Gilli,Patchett,gpatchettir@godaddy.com,Genderqueer,3/18/2002,5/18/2012,7/16/2021,14309372
677,Nathan,Penna,npennais@wufoo.com,Male,8/12/1983,7/7/2018,4/9/2018,4827496
678,Moina,McTavy,mmctavyit@youtu.be,Female,10/6/2005,6/26/2018,8/24/2010,20163410
679,Ealasaid,Cobbledick,ecobbledickiu@cbsnews.com,Female,10/7/1993,7/6/2012,12/21/2021,17370229
680,Ignacio,Kitto,ikittoiv@wordpress.com,Genderqueer,8/11/1990,10/26/2019,3/6/2024,8201181
681,Archibaldo,Pindred,apindrediw@ask.com,Male,1/27/1998,12/6/2016,8/19/2010,25771048
682,Maje,Witty,mwittyix@salon.com,Male,8/24/1992,12/14/2009,8/27/2008,4262195
683,Winthrop,Effnert,weffnertiy@shinystat.com,Male,7/5/1980,3/2/2021,9/14/2010,24376872
684,Addie,Meadmore,ameadmoreiz@de.vu,Female,1/18/2005,6/29/2019,11/29/2012,3048309
685,Patric,Schultheiss,pschultheissj0@feedburner.com,Male,3/2/2004,12/26/2006,7/3/2015,8701070
686,Alissa,Gaffon,agaffonj1@merriam-webster.com,Female,12/7/2003,1/1/2022,12/16/2016,13033702
687,Vikki,Rosendorf,vrosendorfj2@npr.org,Female,4/23/2002,10/22/2008,4/16/2008,22565043
688,Angil,Capron,acapronj3@cam.ac.uk,Female,1/13/1984,12/16/2019,8/11/2010,18336208
689,Herold,Burkman,hburkmanj4@about.me,Male,5/19/2000,11/24/2016,5/3/2010,21274847
690,Bertine,Condliffe,bcondliffej5@gnu.org,Female,1/29/2000,8/15/2021,4/19/2018,11433457
691,Nikita,Heigho,nheighoj6@1und1.de,Male,11/11/1998,7/22/2019,3/24/2011,14642329
692,Yulma,Moles,ymolesj7@surveymonkey.com,Male,3/8/1980,8/4/2006,7/21/2018,17993004
693,Iona,Grayne,igraynej8@nbcnews.com,Female,6/2/1982,6/21/2006,6/30/2007,21581867
694,Gerty,Gilhooly,ggilhoolyj9@networkadvertising.org,Polygender,4/1/1981,4/9/2007,5/6/2012,16334935
695,Al,Meech,ameechja@nymag.com,Male,12/18/2000,10/29/2014,9/23/2013,22734036
696,Cullie,Dalyiel,cdalyieljb@salon.com,Male,4/25/1995,9/26/2013,12/24/2011,21309294
697,Nicola,Coller,ncollerjc@cam.ac.uk,Female,12/30/1981,1/21/2007,1/11/2008,27075481
698,Poppy,Silcox,psilcoxjd@pinterest.com,Female,1/6/1995,4/10/2022,11/15/2021,7889139
699,Salomo,Heathwood,sheathwoodje@usa.gov,Male,8/10/2000,3/23/2015,11/12/2013,4292604
700,Rutledge,McClymond,rmcclymondjf@chron.com,Male,7/14/2001,9/6/2023,2/18/2007,14424764
701,Richy,Bottrill,rbottrilljg@theglobeandmail.com,Male,2/28/1995,10/9/2021,9/19/2015,24746660
702,Flory,Rummer,frummerjh@spotify.com,Male,8/22/1988,8/18/2011,3/2/2010,21512217
703,Marrissa,Trim,mtrimji@illinois.edu,Female,2/11/1983,8/9/2014,9/26/2022,24571766
704,Freddy,Hurne,fhurnejj@about.me,Male,8/5/1982,2/19/2011,1/25/2011,16122202
705,Worden,Eberz,weberzjk@amazon.de,Male,3/9/1998,5/6/2020,5/26/2023,9789632
706,Georgianna,Tremaine,gtremainejl@huffingtonpost.com,Female,8/21/1998,2/19/2011,5/11/2024,12806132
707,Rosemonde,Pude,rpudejm@gravatar.com,Female,11/18/1985,10/7/2024,5/2/2009,26790323
708,Kyle,Arro,karrojn@sfgate.com,Male,3/31/1996,2/20/2012,5/10/2014,16737998
709,Jaquenetta,Rivelon,jrivelonjo@bluehost.com,Non-binary,3/2/2004,2/21/2016,10/25/2006,11621634
710,Greggory,Aspall,gaspalljp@ustream.tv,Male,8/13/1991,2/21/2019,6/27/2013,19621019
711,Teddy,Chetwynd,tchetwyndjq@hibu.com,Female,6/15/1982,5/26/2008,6/22/2018,12042417
712,Lynette,Van der Brugge,lvanderbruggejr@acquirethisname.com,Female,12/6/1995,9/16/2021,8/13/2011,25113178
713,Culley,MacCague,cmaccaguejs@reverbnation.com,Male,10/1/2001,4/28/2024,7/4/2014,22535468
714,Bonnee,Thundercliffe,bthundercliffejt@hatena.ne.jp,Genderqueer,4/13/1980,9/1/2019,5/29/2022,10111249
715,Jonell,Monkley,jmonkleyju@friendfeed.com,Female,12/20/1997,11/10/2021,10/10/2011,27897350
716,Willy,Calleja,wcallejajv@dion.ne.jp,Polygender,3/9/1991,12/2/2021,12/10/2020,9045134
717,Hildegaard,Levene,hlevenejw@nature.com,Female,4/29/1980,7/27/2013,6/7/2023,5852547
718,Judas,Fleay,jfleayjx@w3.org,Male,4/28/1988,7/12/2014,6/12/2008,6617651
719,Kaspar,Vandrill,kvandrilljy@ftc.gov,Male,12/18/1988,4/17/2023,9/18/2018,27835256
720,Felisha,Fatscher,ffatscherjz@godaddy.com,Female,2/21/1981,1/25/2015,10/28/2010,13232709
721,Borg,Thome,bthomek0@accuweather.com,Male,8/7/1995,5/5/2009,10/16/2010,4415516
722,Carmita,Rimmington,crimmingtonk1@google.com.hk,Female,5/22/1992,1/10/2006,8/24/2011,8081560
723,Temple,Stribbling,tstribblingk2@alibaba.com,Male,7/11/1994,3/9/2015,5/7/2021,13123671
724,Ogden,Gioan,ogioank3@google.nl,Male,9/4/1982,8/21/2008,11/24/2015,19978886
725,Clayson,Joblin,cjoblink4@imgur.com,Agender,9/11/1985,1/20/2008,11/1/2008,13593464
726,Lyndsey,Barus,lbarusk5@bbc.co.uk,Female,10/9/2005,5/7/2014,5/25/2008,28129651
727,Koren,Threader,kthreaderk6@mashable.com,Female,3/2/2000,12/11/2008,10/14/2020,10857552
728,Sharlene,TRUE,struek7@indiatimes.com,Female,5/29/1988,2/23/2023,8/24/2009,25752128
729,Ezra,Lapree,elapreek8@delicious.com,Male,10/7/1990,5/23/2016,9/30/2006,10530932
730,Antonino,Cahn,acahnk9@geocities.com,Male,8/1/1986,5/28/2022,5/10/2022,25510732
731,Kimbra,Gaiford,kgaifordka@hostgator.com,Female,10/13/2001,6/7/2022,5/29/2017,7846487
732,Hillyer,Kas,hkaskb@toplist.cz,Male,9/9/1980,12/9/2011,5/20/2008,6143409
733,Whitman,Ride,wridekc@tiny.cc,Male,9/29/1984,3/29/2007,6/17/2012,29843924
734,Jo ann,Cornick,jcornickkd@ehow.com,Female,6/3/1985,10/10/2010,3/8/2014,17790175
735,Antoni,Brewood,abrewoodke@google.com.au,Male,12/4/1987,11/4/2016,12/16/2006,13422071
736,Joye,Fairlie,jfairliekf@hc360.com,Female,5/27/1981,7/19/2021,8/8/2007,24357611
737,Biddie,Tremmil,btremmilkg@elegantthemes.com,Female,8/22/1999,4/2/2007,10/28/2019,14834032
738,Joyce,Lovick,jlovickkh@smh.com.au,Female,5/6/2002,8/21/2013,7/21/2013,20014567
739,Minda,Bertlin,mbertlinki@woothemes.com,Female,11/6/1995,2/2/2009,9/29/2015,27292726
740,Lil,Berresford,lberresfordkj@barnesandnoble.com,Female,8/8/1990,12/20/2021,6/17/2006,10192289
741,Hermie,Skupinski,hskupinskikk@globo.com,Male,10/25/1998,3/31/2022,9/18/2008,26294981
742,Georgena,Mitrikhin,gmitrikhinkl@slate.com,Female,3/27/1981,5/3/2008,7/18/2016,8777017
743,Heather,Greeno,hgreenokm@skyrock.com,Female,11/23/2000,1/22/2013,9/10/2010,5335230
744,Shirlene,Macvain,smacvainkn@blogtalkradio.com,Female,4/4/2004,11/18/2022,1/25/2013,4510739
745,Giorgio,Coatman,gcoatmanko@zimbio.com,Male,1/9/1993,5/27/2006,8/6/2021,8620077
746,Silvio,Capper,scapperkp@bandcamp.com,Male,12/20/1994,2/2/2010,12/10/2015,5929841
747,Esteban,Plumstead,eplumsteadkq@salon.com,Male,4/26/1982,3/6/2022,9/21/2008,6384418
748,Natassia,Thys,nthyskr@google.com.au,Female,6/4/2005,2/5/2017,10/5/2017,18102210
749,Grover,Gillespie,ggillespieks@youtube.com,Male,7/1/1988,10/17/2020,12/12/2012,4334513
750,Dorry,Portugal,dportugalkt@google.de,Female,10/28/1997,10/6/2015,1/3/2015,20381614
751,Birk,Slisby,bslisbyku@hubpages.com,Male,2/24/1993,7/17/2016,12/21/2014,5947307
752,Raymond,Westman,rwestmankv@pbs.org,Male,12/7/1999,4/13/2017,3/23/2011,17843348
753,Derby,Longhurst,dlonghurstkw@newyorker.com,Male,5/7/1988,1/18/2022,1/25/2021,14478509
754,Amory,McDonand,amcdonandkx@mit.edu,Male,6/9/1991,5/20/2019,8/1/2014,29452155
755,Emmanuel,Dolbey,edolbeyky@sogou.com,Male,10/10/1987,3/15/2017,12/17/2022,4035161
756,Guendolen,Jouandet,gjouandetkz@storify.com,Genderfluid,7/19/1991,5/23/2009,5/13/2020,24722049
757,Gill,Comerford,gcomerfordl0@reference.com,Female,4/16/1983,8/7/2007,4/8/2024,5973195
758,Desiri,Urridge,durridgel1@networksolutions.com,Female,2/10/1997,2/13/2007,2/24/2010,18532277
759,Zollie,Hulme,zhulmel2@shareasale.com,Male,2/26/1994,6/13/2007,8/6/2016,28329027
760,Cthrine,Sadgrove,csadgrovel3@issuu.com,Non-binary,12/25/1985,8/5/2024,11/10/2021,19324265
761,Barbette,Poppy,bpoppyl4@reddit.com,Female,11/3/1989,9/7/2021,5/15/2009,3765571
762,Franky,Guinery,fguineryl5@joomla.org,Genderqueer,4/18/1990,7/24/2016,5/28/2022,8246589
763,Kelsey,Boyce,kboycel6@netvibes.com,Male,1/18/1999,2/5/2018,3/17/2017,11112551
764,Ursuline,Greenley,ugreenleyl7@wsj.com,Female,1/17/1991,4/17/2017,3/1/2012,10475751
765,Pebrook,Ivamy,pivamyl8@dot.gov,Male,10/2/1994,11/3/2023,5/23/2006,9209739
766,Muhammad,Kaysor,mkaysorl9@nationalgeographic.com,Male,12/7/1981,10/22/2016,11/27/2018,6376972
767,Ashley,Maffetti,amaffettila@goodreads.com,Male,7/10/2004,5/21/2011,10/6/2016,26984052
768,Lorne,Giffaut,lgiffautlb@redcross.org,Female,7/16/1989,1/26/2012,3/25/2012,14047387
769,Kirby,Pollok,kpolloklc@sakura.ne.jp,Male,1/27/1993,6/16/2024,1/9/2015,29288738
770,Willis,Olyet,wolyetld@whitehouse.gov,Male,9/4/1994,8/18/2013,5/18/2011,10265004
771,Eleonore,Farnorth,efarnorthle@patch.com,Female,5/21/1988,5/18/2016,6/7/2010,22906436
772,Olympe,Adamo,oadamolf@hatena.ne.jp,Female,10/23/1983,3/4/2012,10/24/2008,8324306
773,Alisun,Pickwell,apickwelllg@unicef.org,Female,8/10/1999,7/24/2023,8/20/2014,16479780
774,Honey,Edyson,hedysonlh@about.me,Genderqueer,5/24/2001,4/14/2007,4/30/2024,12123358
775,Van,Tsarovic,vtsarovicli@illinois.edu,Male,7/18/1982,11/8/2023,8/17/2011,13806783
776,Alexio,Deal,adeallj@cmu.edu,Male,2/26/1980,5/7/2024,1/27/2016,17999420
777,Caryl,Southwood,csouthwoodlk@hc360.com,Female,6/29/1987,7/10/2008,3/12/2012,29460217
778,Taber,Grendon,tgrendonll@theglobeandmail.com,Male,11/9/1988,1/25/2016,5/24/2019,5814447
779,Nickolas,Broadbridge,nbroadbridgelm@umich.edu,Male,1/6/1985,9/27/2010,9/4/2022,3739062
780,Cad,Faro,cfaroln@nps.gov,Male,6/2/2000,9/5/2010,4/4/2008,15596189
781,Stella,O'Lunny,solunnylo@exblog.jp,Female,9/29/1988,1/31/2009,7/23/2006,6788985
782,Esta,Blackall,eblackalllp@arizona.edu,Female,2/3/2004,3/2/2020,10/26/2015,19431816
783,Samuel,Niece,sniecelq@fema.gov,Male,8/3/1980,1/2/2010,2/11/2021,9222465
784,Sherwynd,Applegarth,sapplegarthlr@uol.com.br,Male,4/15/1998,10/10/2021,9/19/2010,19348117
785,Emilia,Emmert,eemmertls@nih.gov,Female,5/29/1993,8/7/2006,5/20/2014,29529984
786,Kelley,Long,klonglt@japanpost.jp,Female,7/24/1980,3/27/2013,2/16/2006,8877992
787,Ike,Rangeley,irangeleylu@whitehouse.gov,Male,12/29/1998,2/10/2022,1/14/2015,14751982
788,Shalom,Durno,sdurnolv@who.int,Male,8/27/2004,12/26/2020,3/31/2023,8799747
789,Cristian,Perse,cperselw@chicagotribune.com,Male,12/18/2001,5/22/2008,8/19/2010,3964889
790,Cristi,Abby,cabbylx@opensource.org,Female,9/3/1997,8/8/2008,12/13/2014,13093270
791,Clifford,Heugel,cheugelly@yahoo.com,Agender,4/21/1984,10/6/2022,11/25/2006,17758933
792,Steffie,Branchet,sbranchetlz@youku.com,Female,6/17/1994,1/12/2023,3/7/2008,26668024
793,Xavier,Oles,xolesm0@so-net.ne.jp,Male,4/8/1992,1/11/2024,2/1/2008,12096476
794,Nelia,Garwood,ngarwoodm1@house.gov,Female,6/10/2001,1/20/2015,4/27/2010,17188576
795,Gussy,St. Pierre,gstpierrem2@yelp.com,Female,1/13/1988,5/12/2016,3/11/2009,16169489
796,Salomone,Stoyle,sstoylem3@msn.com,Male,10/29/1995,2/26/2016,11/9/2017,3097798
797,Lotte,Kempson,lkempsonm4@unicef.org,Female,5/28/1993,6/24/2015,10/11/2010,9628312
798,Bendix,Saffon,bsaffonm5@hud.gov,Male,8/30/2000,6/9/2017,1/21/2019,27597203
799,Ozzie,Bifield,obifieldm6@un.org,Male,7/26/1987,12/10/2021,6/20/2008,28666071
800,Sean,Dallison,sdallisonm7@booking.com,Female,9/4/1986,11/22/2013,6/30/2012,15597031
801,Raf,Retchless,rretchlessm8@thetimes.co.uk,Genderfluid,7/26/1992,7/13/2009,4/9/2006,6079537
802,Cirillo,Maggi,cmaggim9@webmd.com,Male,12/20/1980,9/9/2008,8/12/2006,20253751
803,Addy,O'Cooney,aocooneyma@seesaa.net,Polygender,3/9/1991,5/5/2024,10/23/2010,13002075
804,Mac,Hember,mhembermb@hc360.com,Male,5/9/1981,8/11/2007,10/17/2006,8967789
805,Allison,Lafuente,alafuentemc@chron.com,Female,4/7/1983,12/31/2021,9/2/2008,26432504
806,Kean,Fordy,kfordymd@blogger.com,Genderfluid,7/23/1988,7/1/2020,2/17/2006,8100858
807,Alejandro,Kiessel,akiesselme@ihg.com,Male,11/27/1994,1/17/2007,4/1/2016,25633513
808,Gianina,Quin,gquinmf@google.ca,Female,5/8/1980,5/14/2019,3/6/2010,16012767
809,Kip,Lightman,klightmanmg@time.com,Male,8/10/1988,7/10/2020,4/28/2021,13711616
810,Cherise,Juliano,cjulianomh@goodreads.com,Female,3/2/1989,4/17/2024,8/17/2016,26929777
811,Ofilia,Dillingstone,odillingstonemi@tiny.cc,Female,9/22/1995,11/27/2017,9/15/2017,26335018
812,Noland,Van Oort,nvanoortmj@wikimedia.org,Male,7/30/1991,7/21/2022,10/28/2009,3460354
813,Lonnie,Lea,lleamk@tripod.com,Male,3/16/1981,4/8/2008,4/6/2020,23905848
814,Giuseppe,Clutton,gcluttonml@guardian.co.uk,Male,5/27/2000,4/14/2019,12/13/2014,16417791
815,Tann,Ottam,tottammm@xing.com,Genderqueer,10/25/1996,2/7/2014,10/26/2006,22506864
816,Alvinia,Vallerine,avallerinemn@goodreads.com,Female,11/27/1989,1/8/2014,12/18/2020,20080671
817,Florette,Vince,fvincemo@feedburner.com,Female,11/26/1990,9/17/2007,2/13/2014,27342636
818,Bone,Andryunin,bandryuninmp@bloglines.com,Male,3/28/1981,12/21/2011,11/8/2010,3162672
819,Berty,Teall,bteallmq@guardian.co.uk,Female,3/12/1995,5/29/2018,5/17/2016,26012696
820,Vale,Craine,vcrainemr@washingtonpost.com,Male,11/16/1981,11/11/2019,10/25/2008,20016374
821,Lonnard,Schole,lscholems@vkontakte.ru,Polygender,10/21/1989,4/2/2019,7/22/2007,5896726
822,Ali,Canniffe,acanniffemt@goo.ne.jp,Male,3/8/2000,8/9/2021,12/15/2012,11818161
823,Kylila,Ceyssen,kceyssenmu@cdbaby.com,Female,2/1/1985,2/15/2006,6/9/2017,27068705
824,Conroy,Jamrowicz,cjamrowiczmv@sitemeter.com,Male,11/7/1986,2/7/2019,4/3/2006,29046804
825,Tim,McFetridge,tmcfetridgemw@howstuffworks.com,Female,11/19/1997,8/29/2019,8/30/2007,28358834
826,Myrtice,Fann,mfannmx@webs.com,Female,3/17/1983,12/20/2021,5/31/2012,21800609
827,Ibrahim,Packman,ipackmanmy@wufoo.com,Male,5/14/1991,1/19/2020,10/27/2018,16875545
828,Ricky,Reason,rreasonmz@home.pl,Genderfluid,1/9/1983,9/18/2007,3/21/2016,11864883
829,Catina,Lucian,cluciann0@un.org,Female,6/17/1990,1/7/2006,4/24/2009,23890992
830,Lambert,Caulket,lcaulketn1@e-recht24.de,Male,12/31/2001,8/13/2019,10/26/2014,23569254
831,Rustie,McCritichie,rmccritichien2@dyndns.org,Male,12/4/1988,3/6/2012,3/15/2015,24092188
832,Trina,Howsam,thowsamn3@vistaprint.com,Female,11/12/2003,2/15/2023,8/7/2014,19930478
833,Kai,Frounks,kfrounksn4@nature.com,Female,12/31/1981,11/10/2014,9/15/2021,8253394
834,Yank,Hull,yhulln5@stumbleupon.com,Bigender,6/19/1981,4/13/2008,12/16/2016,20644555
835,Kev,Kiebes,kkiebesn6@patch.com,Genderqueer,8/22/2000,2/22/2021,8/15/2019,5663052
836,Marlo,Rosi,mrosin7@etsy.com,Male,11/5/1980,5/28/2011,3/30/2011,24273822
837,Portie,Daw,pdawn8@zdnet.com,Male,4/21/2000,11/12/2010,4/4/2012,28849769
838,Herby,Heffer,hheffern9@businessinsider.com,Male,6/24/2004,10/15/2017,4/22/2012,9086559
839,Denny,Battabee,dbattabeena@hibu.com,Male,3/17/1997,1/29/2006,8/22/2015,4857113
840,Siouxie,Shaw,sshawnb@state.gov,Female,9/7/2000,1/21/2024,11/20/2023,13765255
841,Christina,Hutchings,chutchingsnc@jimdo.com,Female,8/17/1997,5/26/2006,8/22/2021,4707167
842,Bruno,Redwood,bredwoodnd@wikimedia.org,Male,11/22/1984,5/26/2020,12/31/2009,13487108
843,Bryon,Hasted,bhastedne@constantcontact.com,Male,1/1/1995,5/15/2013,12/22/2014,17375344
844,Winona,Howland,whowlandnf@webmd.com,Female,4/21/1989,12/20/2008,3/5/2024,19572298
845,Gale,Zaniolo,gzaniolong@cmu.edu,Female,12/25/1987,9/30/2018,11/27/2018,27518208
846,Larissa,Shewery,lshewerynh@nytimes.com,Female,1/14/1992,2/16/2014,5/16/2012,27390185
847,Magnum,Stoddard,mstoddardni@webnode.com,Male,5/28/2000,2/4/2021,10/8/2009,7914628
848,Wat,Betje,wbetjenj@omniture.com,Male,8/6/1996,7/23/2016,7/23/2014,12641078
849,Maynord,Abendroth,mabendrothnk@angelfire.com,Male,3/21/2002,10/15/2009,9/30/2023,22577191
850,Eb,Duffield,eduffieldnl@meetup.com,Male,3/28/2005,6/7/2017,5/5/2012,5765106
851,Kristos,Kemble,kkemblenm@bizjournals.com,Male,6/17/2001,2/17/2017,2/12/2011,29055269
852,Avril,Betz,abetznn@ucoz.ru,Female,1/12/2005,5/6/2014,7/10/2014,4759665
853,Adrien,Haspineall,ahaspineallno@abc.net.au,Male,2/21/2002,6/18/2011,9/14/2022,17098010
854,Antoni,Burchnall,aburchnallnp@google.com.br,Male,4/18/1999,2/9/2024,5/6/2015,21803174
855,Bartholomeo,Rushbrook,brushbrooknq@studiopress.com,Male,5/6/1985,6/18/2017,8/19/2016,15770633
856,Ofella,Galiero,ogalieronr@linkedin.com,Female,7/6/1992,10/14/2010,3/29/2024,27204995
857,Gregorius,Dunseath,gdunseathns@chicagotribune.com,Male,11/1/1996,7/22/2015,6/11/2024,21775196
858,Natalie,Shropsheir,nshropsheirnt@hexun.com,Female,6/6/1986,5/23/2024,5/27/2013,8629310
859,Gualterio,Mansell,gmansellnu@xing.com,Male,8/28/1998,10/16/2006,10/19/2010,17942284
860,Laverne,Prigg,lpriggnv@netscape.com,Female,6/12/1993,1/4/2006,5/20/2009,27399213
861,Zared,Pawelek,zpaweleknw@xing.com,Male,7/16/1993,5/21/2011,1/2/2023,10894353
862,Butch,Frail,bfrailnx@ezinearticles.com,Male,8/17/1988,11/2/2008,12/5/2007,29452979
863,Vance,Powton,vpowtonny@washingtonpost.com,Male,11/6/1996,2/3/2009,3/29/2017,26405245
864,Caryn,Probyn,cprobynnz@oracle.com,Female,3/28/1985,12/4/2012,2/11/2012,16865882
865,Jillane,Meier,jmeiero0@ning.com,Female,10/15/1995,2/22/2013,6/21/2008,15759949
866,Shirlee,North,snortho1@mysql.com,Female,4/14/2001,6/17/2022,6/14/2016,23391915
867,Carlita,Beels,cbeelso2@example.com,Female,9/20/1989,12/7/2016,2/14/2013,27581404
868,Tuesday,Heyburn,theyburno3@ihg.com,Female,5/8/1982,10/13/2024,9/4/2009,8772395
869,Scarlet,Leil,sleilo4@yellowpages.com,Female,11/8/1982,3/29/2013,10/13/2024,8214591
870,Britney,Rebanks,brebankso5@addtoany.com,Female,4/5/1997,1/11/2014,5/8/2011,17630957
871,Golda,Jedrzaszkiewicz,gjedrzaszkiewiczo6@princeton.edu,Polygender,6/6/1990,10/31/2017,9/8/2009,14200307
872,Dylan,Skitt,dskitto7@fc2.com,Male,10/19/1996,3/16/2008,5/29/2011,29508040
873,Tish,Snooks,tsnookso8@webmd.com,Female,4/27/1989,6/14/2023,11/24/2016,21127282
874,Maire,Arnal,marnalo9@washingtonpost.com,Female,4/1/1988,5/19/2009,2/8/2016,3969853
875,Nanon,Bennitt,nbennittoa@princeton.edu,Female,12/6/1994,1/1/2017,9/11/2021,5256564
876,Tulley,Willers,twillersob@wiley.com,Male,12/13/1996,11/22/2021,6/10/2014,10266361
877,Holden,Burney,hburneyoc@wp.com,Male,7/23/1981,1/5/2020,11/20/2010,4003532
878,Ofelia,Debold,odeboldod@washingtonpost.com,Female,10/9/2005,2/20/2011,8/3/2007,6834388
879,Ethyl,Wattisham,ewattishamoe@sina.com.cn,Female,9/3/1983,5/26/2016,7/21/2011,8167440
880,Sharia,Messom,smessomof@naver.com,Agender,10/9/2002,2/10/2024,12/11/2010,28920263
881,Claire,Kenner,ckennerog@prlog.org,Male,8/7/1991,10/30/2008,6/16/2020,21757271
882,Leah,Glavias,lglaviasoh@w3.org,Non-binary,1/16/1998,12/9/2018,8/12/2021,29031759
883,Creigh,Isaak,cisaakoi@qq.com,Male,5/27/2005,9/19/2023,7/27/2019,5824944
884,Davie,Maskall,dmaskalloj@yolasite.com,Male,11/25/1986,11/7/2008,12/24/2020,6676940
885,Dolly,Dunkley,ddunkleyok@google.com.br,Female,7/7/1981,12/22/2006,10/29/2022,28640738
886,Bron,Brackstone,bbrackstoneol@ovh.net,Male,8/17/2003,4/6/2010,2/23/2007,23225635
887,Pam,Crocken,pcrockenom@blogs.com,Female,2/26/1980,4/24/2008,7/12/2024,22787265
888,Opaline,Perrelle,operrelleon@4shared.com,Female,9/23/1997,3/4/2021,6/13/2012,6882565
889,Amalea,Armfirld,aarmfirldoo@pcworld.com,Female,7/20/1996,8/6/2016,8/3/2018,27420391
890,Charlton,Perello,cperelloop@xing.com,Male,10/15/1980,1/24/2017,3/20/2020,10049891
891,Zolly,Girardy,zgirardyoq@scribd.com,Genderfluid,6/20/1994,11/23/2007,6/26/2016,15625123
892,Gilles,Shambrook,gshambrookor@microsoft.com,Male,3/15/1988,5/31/2006,12/8/2009,10002819
893,Bonni,Sancias,bsanciasos@youtube.com,Female,12/3/1980,2/25/2012,8/5/2008,18663615
894,Jocelin,Semken,jsemkenot@topsy.com,Female,9/14/1982,6/15/2012,12/7/2022,22626462
895,Marty,Kibble,mkibbleou@cyberchimps.com,Female,4/29/1993,12/24/2013,2/10/2009,18785329
896,Ferne,Caton,fcatonov@shutterfly.com,Non-binary,4/14/1981,2/4/2021,8/1/2013,24968363
897,Sascha,Dover,sdoverow@illinois.edu,Male,3/18/1985,5/4/2020,4/17/2022,24684668
898,Frazer,Selesnick,fselesnickox@phpbb.com,Male,8/23/2003,3/6/2019,9/8/2011,11603339
899,Algernon,Wick,awickoy@topsy.com,Male,6/22/1996,4/19/2009,3/18/2023,13200851
900,Modestia,Bubear,mbubearoz@umn.edu,Female,3/9/1998,1/11/2018,8/18/2016,24540056
901,Barnabas,Okill,bokillp0@pbs.org,Male,12/16/2003,3/8/2017,10/14/2008,20471201
902,Silvana,Gammie,sgammiep1@liveinternet.ru,Female,4/4/2003,6/13/2014,10/23/2012,25081642
903,Glendon,O'Lenechan,golenechanp2@liveinternet.ru,Male,9/21/1989,10/23/2021,6/16/2012,12202668
904,Esdras,Edgerley,eedgerleyp3@nature.com,Male,5/13/1985,10/4/2012,12/21/2016,15976257
905,Rance,Morrow,rmorrowp4@vistaprint.com,Male,11/27/1997,1/30/2006,3/15/2020,6698226
906,Cherin,Claque,cclaquep5@constantcontact.com,Female,2/14/1981,8/7/2024,9/24/2024,20469867
907,Shell,Hayers,shayersp6@nsw.gov.au,Male,2/14/1989,9/17/2013,9/6/2010,13631840
908,Derron,Parriss,dparrissp7@nsw.gov.au,Male,9/4/2003,10/20/2023,7/31/2023,3325474
909,Mahala,Mussen,mmussenp8@usda.gov,Female,1/31/1992,10/15/2022,4/8/2012,18698594
910,Rosanna,Petrescu,rpetrescup9@amazon.com,Female,2/24/1985,3/24/2012,9/6/2016,8758029
911,Hamilton,Vicioso,hviciosopa@xrea.com,Male,11/20/1985,5/6/2018,9/26/2015,6645614
912,Cob,Novichenko,cnovichenkopb@fema.gov,Male,12/5/1994,8/8/2020,11/6/2022,27583467
913,Bobbie,Goodoune,bgoodounepc@diigo.com,Male,5/9/1996,8/24/2015,11/17/2009,4133429
914,Dehlia,Turpie,dturpiepd@army.mil,Female,11/24/1991,11/9/2013,6/12/2011,18571141
915,Corry,Turville,cturvillepe@npr.org,Female,7/9/1982,8/4/2012,12/15/2012,15980312
916,Web,Vell,wvellpf@virginia.edu,Male,9/24/2003,9/28/2024,9/26/2014,8778516
917,Tammy,Scotchmore,tscotchmorepg@reverbnation.com,Male,10/6/1980,7/19/2018,9/22/2022,4508469
918,Jefferey,Leach,jleachph@ucsd.edu,Male,11/16/1984,4/4/2006,7/15/2017,10775555
919,Say,Kropp,skropppi@slate.com,Male,12/10/1987,12/31/2008,4/11/2006,6207756
920,Griffin,Hellin,ghellinpj@flavors.me,Genderfluid,12/27/2003,7/12/2017,2/18/2020,26429473
921,Elmira,Fruchon,efruchonpk@joomla.org,Female,10/8/1987,9/11/2017,9/20/2009,8035330
922,Rona,Savil,rsavilpl@friendfeed.com,Female,6/27/1980,7/7/2012,11/23/2007,10567906
923,Bogart,Slocum,bslocumpm@weebly.com,Male,11/27/1987,8/6/2018,7/26/2014,29823920
924,Caron,Heffer,chefferpn@oracle.com,Female,4/10/2002,9/9/2006,4/5/2015,27163284
925,Tally,de Banke,tdebankepo@acquirethisname.com,Genderfluid,6/16/1992,12/6/2015,11/10/2006,26371011
926,Nert,Abrehart,nabrehartpp@discovery.com,Female,3/28/2001,12/7/2014,12/11/2019,13259031
927,Algernon,Harnor,aharnorpq@bigcartel.com,Non-binary,1/22/1980,7/28/2013,3/5/2023,29082849
928,Miranda,de Bullion,mdebullionpr@washingtonpost.com,Female,6/4/1994,5/6/2024,2/11/2022,18931181
929,Carol,Jahner,cjahnerps@narod.ru,Female,12/9/2002,11/18/2006,9/14/2023,13296465
930,Lark,Ernshaw,lernshawpt@army.mil,Female,4/26/1984,5/11/2008,7/8/2007,12410272
931,Pincus,Devas,pdevaspu@friendfeed.com,Male,2/21/1999,9/30/2014,10/12/2015,24623835
932,Marie,Tomkin,mtomkinpv@omniture.com,Bigender,11/9/2001,12/5/2006,8/10/2024,17362695
933,Killian,Sutlieff,ksutlieffpw@newsvine.com,Male,3/9/1992,5/8/2024,5/21/2011,6350604
934,Ellissa,Bartalot,ebartalotpx@booking.com,Female,1/30/1989,12/9/2007,2/21/2009,15837284
935,Florri,Sehorsch,fsehorschpy@cbsnews.com,Female,3/1/1997,4/26/2023,5/8/2007,9970627
936,Roana,Strainge,rstraingepz@ovh.net,Female,9/14/2004,6/21/2011,11/11/2016,7225341
937,Alina,Aldersley,aaldersleyq0@ftc.gov,Bigender,2/5/2004,7/7/2016,1/12/2008,27715060
938,Odille,Grosier,ogrosierq1@phoca.cz,Female,3/26/1997,5/23/2014,12/29/2018,23185414
939,Gaylene,Georgeou,ggeorgeouq2@npr.org,Female,12/5/1988,1/8/2015,5/3/2024,12896552
940,Brunhilde,Marchant,bmarchantq3@psu.edu,Female,7/16/1990,7/20/2020,3/23/2020,28237384
941,Anna-diane,Piken,apikenq4@amazon.com,Female,3/1/1992,12/28/2013,4/26/2013,19789129
942,Bertie,Ramiro,bramiroq5@123-reg.co.uk,Male,5/25/1991,9/25/2010,4/6/2021,18621303
943,Ode,Kmicicki,okmicickiq6@google.co.jp,Male,12/23/1982,1/22/2012,9/12/2024,15282082
944,Therine,Longthorne,tlongthorneq7@sohu.com,Female,11/10/1991,2/11/2013,10/12/2023,24831963
945,Abdel,Hazleton,ahazletonq8@nhs.uk,Male,6/30/1982,3/31/2013,4/21/2018,21990521
946,Aldous,Siddons,asiddonsq9@prweb.com,Non-binary,2/15/1983,3/20/2023,11/29/2018,11210253
947,Margette,Filimore,mfilimoreqa@about.me,Female,11/18/1994,3/16/2019,11/22/2014,6634268
948,Quintin,Farlamb,qfarlambqb@behance.net,Non-binary,2/13/1981,10/17/2015,1/12/2020,7386862
949,Kirbee,Altamirano,kaltamiranoqc@whitehouse.gov,Female,1/3/1989,12/16/2009,9/6/2023,26336074
950,Anne,Crother,acrotherqd@princeton.edu,Female,9/23/1995,9/22/2021,3/10/2021,29596215
951,Inge,Bresson,ibressonqe@printfriendly.com,Female,6/14/1999,5/6/2014,3/23/2009,13855267
952,Shawna,Carnachen,scarnachenqf@e-recht24.de,Female,4/14/1997,1/6/2011,9/17/2020,24599197
953,Tiffie,Dedam,tdedamqg@marriott.com,Female,4/1/1981,2/3/2009,10/30/2006,8040351
954,Tara,Gauld,tgauldqh@google.de,Female,11/10/1987,6/1/2016,5/28/2023,19912517
955,Liam,Boodell,lboodellqi@soundcloud.com,Male,11/13/1989,4/24/2014,1/5/2024,18430752
956,Stacey,Gudge,sgudgeqj@artisteer.com,Female,5/14/1991,2/5/2013,5/8/2013,28182630
957,Traci,Tolussi,ttolussiqk@posterous.com,Female,1/8/1986,7/2/2020,2/5/2009,8834707
958,Kale,Fishbourne,kfishbourneql@xrea.com,Male,7/7/2001,6/12/2016,12/16/2007,11979804
959,Gabe,Huffey,ghuffeyqm@paypal.com,Male,1/8/1996,5/2/2022,5/7/2014,11809623
960,Krysta,Grewes,kgrewesqn@jalbum.net,Female,11/17/1982,6/27/2010,10/29/2013,16713982
961,Paula,Lodwick,plodwickqo@163.com,Non-binary,1/3/2004,8/3/2024,7/8/2021,27425943
962,Tawnya,Pherps,tpherpsqp@wisc.edu,Bigender,1/11/1997,9/11/2006,3/5/2006,13294056
963,Gert,Ulyet,gulyetqq@csmonitor.com,Female,1/12/1997,11/27/2006,4/7/2024,25727182
964,Justin,Christofol,jchristofolqr@thetimes.co.uk,Male,7/7/1987,4/18/2016,2/26/2009,13973250
965,Marguerite,Wisker,mwiskerqs@nih.gov,Female,7/13/1986,5/13/2008,5/11/2009,8217465
966,Elyssa,Sisselot,esisselotqt@list-manage.com,Female,12/28/1985,12/21/2006,4/4/2013,5284763
967,Jacques,Bottjer,jbottjerqu@over-blog.com,Male,1/3/1985,5/30/2007,12/7/2019,4871504
968,Minne,Ritson,mritsonqv@usatoday.com,Genderfluid,5/25/1980,1/19/2006,8/16/2018,26933271
969,Eartha,Guerrero,eguerreroqw@surveymonkey.com,Female,11/17/1982,10/2/2010,3/8/2023,21658830
970,Seth,Scotts,sscottsqx@bloglovin.com,Male,3/29/1982,1/2/2010,1/14/2008,29797538
971,Johnnie,Lemasney,jlemasneyqy@prlog.org,Male,6/2/2002,12/4/2010,5/28/2011,5963104
972,Tadd,Fronks,tfronksqz@typepad.com,Male,6/15/1994,1/2/2023,5/9/2015,12151519
973,Rodina,Hyde-Chambers,rhydechambersr0@shinystat.com,Female,10/26/2004,10/25/2019,3/31/2017,17501811
974,Sly,Mucillo,smucillor1@umich.edu,Male,9/24/2004,11/14/2017,12/11/2016,7953358
975,Vladamir,Dreye,vdreyer2@miibeian.gov.cn,Male,7/14/1989,10/9/2017,1/3/2017,11941301
976,Roley,Buff,rbuffr3@dailymail.co.uk,Male,4/26/1994,4/15/2012,1/31/2018,6669831
977,Conroy,Whybrow,cwhybrowr4@cafepress.com,Male,10/25/1990,10/28/2012,8/5/2023,10915675
978,Nadine,Geldart,ngeldartr5@amazon.co.jp,Female,1/6/1986,9/13/2018,4/16/2019,24057120
979,Georas,Clineck,gclineckr6@usda.gov,Male,3/29/1989,3/23/2017,11/7/2010,19831801
980,Antonie,Antuoni,aantuonir7@columbia.edu,Female,9/8/1989,1/17/2009,5/24/2006,18681608
981,Ailis,Pett,apettr8@studiopress.com,Female,3/28/1987,7/1/2020,11/25/2020,11349102
982,Trace,Gai,tgair9@blogspot.com,Male,3/27/1995,11/3/2007,10/11/2024,3106131
983,Maribeth,Wharrier,mwharrierra@wiley.com,Female,1/4/1992,11/12/2017,8/17/2006,28494606
984,Orlan,Belfrage,obelfragerb@state.gov,Male,7/29/1982,2/9/2007,6/6/2017,11285625
985,Brendin,Mabson,bmabsonrc@cdc.gov,Male,1/8/1987,3/26/2024,7/1/2021,9994348
986,Keri,Linfield,klinfieldrd@hugedomains.com,Female,9/23/2000,2/8/2015,3/4/2011,21976668
987,Ezmeralda,Kenchington,ekenchingtonre@lycos.com,Female,3/29/1988,1/28/2011,4/13/2012,9744278
988,Cory,Hinks,chinksrf@go.com,Female,5/1/2002,5/15/2021,12/27/2007,29382811
989,Jabez,Sailor,jsailorrg@latimes.com,Male,7/22/1995,8/5/2007,2/27/2019,10657601
990,Kelsey,Brookes,kbrookesrh@earthlink.net,Male,10/11/1993,12/30/2007,7/13/2014,24952590
991,Creighton,Dodell,cdodellri@pcworld.com,Male,3/16/1998,4/17/2024,6/17/2013,6550073
992,Mair,Bilney,mbilneyrj@samsung.com,Female,7/16/2005,7/31/2010,7/27/2022,21465635
993,Rubie,Coslett,rcoslettrk@intel.com,Female,5/26/1994,8/8/2010,8/3/2022,23931207
994,Annalee,Withey,awitheyrl@state.tx.us,Female,9/3/1997,6/28/2007,4/22/2020,12264380
995,Quinn,Hanton,qhantonrm@tuttocitta.it,Male,8/25/1995,2/5/2024,11/1/2011,21252486
996,Nydia,Filpi,nfilpirn@123-reg.co.uk,Female,5/29/1985,9/12/2012,2/19/2009,20228992
997,Addie,Kennicott,akennicottro@infoseek.co.jp,Female,6/15/1985,1/13/2008,5/26/2010,17531715
998,Torin,Yateman,tyatemanrp@soundcloud.com,Male,5/30/1980,7/20/2010,7/6/2020,16869721
999,Donny,Dobbinson,ddobbinsonrq@auda.org.au,Male,1/10/1991,8/1/2011,5/27/2013,13541290
1000,Rivkah,Sikorsky,rsikorskyrr@godaddy.com,Female,3/15/1990,10/5/2024,8/21/2013,17039678
